Discipline,Subject,Catalog,Level,Cap Enrl,Tot Enrl
Archery,ARCH,162,100,30,13
Archery,ARCH,161,100,30,8
Archery,ARCH,162,100,30,7
Archery,ARCH,241,200,30,11
Archery,ARCH,162,100,30,74
Archery,ARCH,161,100,30,19
Archery,ARCH,162,100,30,49
Archery,ARCH,162,100,30,1
Archery,ARCH,161,100,30,62
Fencing,SWRD,106,100,30,13
Archery,ARCH,162,100,30,52
Archery,ARCH,163,100,30,17
Archery,ARCH,162,100,30,23
Archery,ARCH,161,100,30,23
Archery,ARCH,241,200,30,11
Archery,ARCH,161,100,30,14
Archery,ARCH,162,100,30,29
Archery,ARCH,163,100,30,9
Archery,ARCH,162,100,30,5
Archery,ARCH,241,200,30,5
Archery,ARCH,161,100,30,12
Archery,ARCH,161,100,30,16
Archery,ARCH,163,100,30,10
Archery,ARCH,161,100,30,3
Swimming,SWIM,101,100,30,49
Swimming,SWIM,102,100,30,16
Riding,JUMP,102,100,30,10
Riding,JUMP,102,100,30,4
Archery,ARCH,161,100,30,3
Boxing,HOOK,151,200,30,4
Climbing,CLMB,102,100,30,5
Climbing,CLMB,202,200,30,8
Cricket,CRKT,151,100,30,3
Swimming,SWIM,102,100,30,0
Fencing,SAB,131,100,30,0
Riding,JUMP,201,200,30,7
Swimming,SWIM,101,100,30,14
Climbing,CLMB,202,200,30,14
Rowing,OAR,211,200,30,19
Punting,STRK,101,100,30,11
Cricket,CRKT,151,100,30,12
Swimming,SWIM,102,100,30,16
Archery,ARCH,162,100,30,28
Snooker,BNC,101,100,30,56
Snooker,BNC,102,100,30,9
Cricket,CRKT,151,100,30,0
Fencing,SAB,131,100,30,0
Climbing,CLMB,102,100,30,28
Fencing,SWRD,106,100,30,0
Rowing,OAR,211,200,30,14
Climbing,CLMB,102,100,30,12
Swimming,SWIM,102,100,30,7
Archery,ARCH,163,100,30,15
Archery,ARCH,241,200,30,12
Archery,ARCH,161,100,30,14
Rowing,OAR,257,200,30,2
Swimming,SWIM,101,100,30,24
Swimming,SWIM,101,100,30,7
Swimming,SWIM,102,100,30,29
Riding,JUMP,201,200,30,5
Riding,JUMP,102,100,30,12
Swimming,SWIM,102,100,30,22
Swimming,SWIM,102,100,30,12
Boxing,HOOK,153,200,30,1
Punting,STRK,101,100,30,10
Rowing,OAR,211,200,30,9
Cricket,CRKT,151,100,30,0
Swimming,SWIM,101,100,30,24
Swimming,SWIM,102,100,30,13
Climbing,CLMB,102,100,30,15
Climbing,CLMB,202,200,30,19
Swimming,SWIM,102,100,30,55
Snooker,BNC,101,100,30,30
Snooker,BNC,101,100,30,25
Climbing,CLMB,102,100,30,38
Dancing,POL,202,200,30,4
Boxing,HOOK,151,200,30,10
Wrestling,WRST,101,100,0,8
Riding,JUMP,102,100,30,12
Riding,JUMP,201,200,30,5
Swimming,SWIM,102,100,30,24
Rowing,OAR,211,200,30,22
Climbing,CLMB,102,100,30,6
Swimming,SWIM,101,100,30,19
Snooker,BNC,101,100,30,5
Swimming,SWIM,102,100,30,4
Boxing,HOOK,151,200,30,3
Climbing,CLMB,102,100,30,4
Archery,ARCH,162,100,30,7
Swimming,SWIM,102,100,30,6
Archery,ARCH,163,100,30,5
Archery,ARCH,241,200,30,3
Boxing,HOOK,151,200,30,5
Riding,JUMP,102,100,30,3
Archery,ARCH,162,100,30,17
Swimming,SWIM,101,100,30,18
Riding,JUMP,101,100,30,7
Boxing,HOOK,151,200,30,6
Swimming,SWIM,101,100,30,11
Climbing,CLMB,202,200,30,14
Climbing,CLMB,102,100,30,9
Boxing,HOOK,151,200,30,12
Fencing,SAB,131,100,30,5
Archery,ARCH,241,200,30,9
Archery,ARCH,162,100,30,10
Archery,ARCH,161,100,30,17
Archery,ARCH,241,200,30,2
Snooker,BNC,101,100,30,30
Snooker,BNC,102,100,30,17
Archery,ARCH,241,200,30,21
Dancing,POL,202,200,30,3
Swimming,SWIM,102,100,10,4
Boxing,HOOK,153,200,7,3
Archery,ARCH,162,100,30,0
Archery,ARCH,161,100,30,16
Archery,ARCH,163,100,30,4
Archery,ARCH,241,200,30,5
Snooker,BNC,101,100,30,12
Climbing,CLMB,102,100,30,14
Climbing,CLMB,202,200,30,13
Riding,JUMP,101,100,30,4
Snooker,BNC,101,100,30,6
Swimming,SWIM,101,100,30,9
Snooker,BNC,101,100,30,3
Archery,ARCH,161,100,30,11
Boxing,HOOK,151,200,30,10
Swimming,SWIM,101,100,30,14
Rowing,OAR,211,200,30,14
Archery,ARCH,241,200,30,19
Wrestling,WRST,101,100,0,18
Punting,STRK,101,100,30,38
Rowing,OAR,257,200,30,12
Cricket,CRKT,151,100,30,8
Wrestling,WRST,101,100,0,10
Swimming,SWIM,102,100,30,10
Climbing,CLMB,202,200,30,8
Climbing,CLMB,102,100,30,14
Rowing,OAR,257,200,30,8
Swimming,SWIM,102,100,30,7
Swimming,SWIM,101,100,30,12
Climbing,CLMB,102,100,30,12
Archery,ARCH,161,100,30,10
Snooker,BNC,102,100,30,11
Climbing,CLMB,202,200,30,15
Cricket,CRKT,151,100,30,37
Punting,STRK,101,100,30,45
Climbing,CLMB,101,100,0,61
Boxing,HOOK,151,200,30,19
Wrestling,WRST,101,100,0,26
Archery,ARCH,161,100,30,32
Archery,ARCH,162,100,30,23
Archery,ARCH,241,200,30,10
Swimming,SWIM,102,100,30,67
Archery,ARCH,162,100,30,0
Swimming,SWIM,102,100,30,0
Climbing,CLMB,102,100,30,13
Archery,ARCH,162,100,30,7
Archery,ARCH,162,100,30,16
Swimming,SWIM,101,100,30,4
Boxing,HOOK,153,200,30,15
Boxing,HOOK,151,200,30,11
Swimming,SWIM,102,100,30,55
Climbing,CLMB,102,100,30,49
Snooker,BNC,102,100,30,37
Archery,ARCH,162,100,30,37
Archery,ARCH,161,100,30,24
Archery,ARCH,241,200,30,16
Boxing,HOOK,151,200,30,20
Archery,ARCH,161,100,30,0
Swimming,SWIM,101,100,30,10
Swimming,SWIM,101,100,30,12
Climbing,CLMB,102,100,30,0
Fencing,SWRD,106,100,30,13
Wrestling,WRST,101,100,0,19
Archery,ARCH,161,100,30,20
Fencing,SWRD,106,100,30,10
Snooker,BNC,101,100,30,30
Climbing,CLMB,102,100,30,23
Rowing,OAR,211,200,30,19
Swimming,SWIM,102,100,30,40
Dancing,POL,202,200,30,3
Archery,ARCH,161,100,30,14
Boxing,HOOK,151,200,30,16
Snooker,BNC,101,100,30,27
Archery,ARCH,241,200,30,0
Archery,ARCH,162,100,30,7
Swimming,SWIM,101,100,30,12
Swimming,SWIM,102,100,30,1
Swimming,SWIM,101,100,30,27
Swimming,SWIM,102,100,30,29
Swimming,SWIM,101,100,30,15
Archery,ARCH,161,100,30,5
Archery,ARCH,241,200,30,10
Swimming,SWIM,101,100,30,5
Swimming,SWIM,102,100,30,3
Rowing,OAR,211,200,30,5
Riding,JUMP,102,100,30,5
Archery,ARCH,161,100,30,21
Swimming,SWIM,101,100,30,29
Rowing,OAR,257,200,30,0
Snooker,BNC,101,100,30,13
Archery,ARCH,163,100,30,11
Swimming,SWIM,101,100,30,35
Wrestling,WRST,101,100,0,0
Boxing,HOOK,151,200,30,0
Boxing,HOOK,153,200,30,0
Archery,ARCH,161,100,30,0
Archery,ARCH,162,100,30,0
Archery,ARCH,163,100,30,5
Dancing,POL,202,200,30,0
Archery,ARCH,161,100,30,6
Archery,ARCH,162,100,30,41
Swimming,SWIM,102,100,30,36
Archery,ARCH,163,100,30,5
Snooker,BNC,101,100,30,6
Archery,ARCH,161,100,30,22
Climbing,CLMB,201,200,30,8
Archery,ARCH,161,100,30,6
Archery,ARCH,161,100,30,16
Climbing,CLMB,202,200,30,28
Boxing,HOOK,151,200,30,28
Rowing,OAR,211,200,30,14
Archery,ARCH,162,100,30,35
Cricket,BAT,121,100,30,3
Cricket,BAT,121,100,30,3
Cricket,BAT,121,100,30,1
Cricket,BAT,121,100,30,3
Cricket,BAT,122,100,30,2
Cricket,BAT,122,100,30,1
Cricket,BAT,122,100,30,1
Cricket,BAT,131,100,30,0
Tactics,TCTK,104,100,20,21
Cricket,BAT,131,100,30,1
Cricket,BAT,131,100,30,2
Cricket,BAT,131,100,30,0
Cricket,BAT,131,100,30,3
Cricket,BAT,132,100,30,1
Cricket,BAT,132,100,30,1
Cricket,BAT,132,100,30,1
Cricket,BAT,132,100,30,1
Cricket,BAT,132,100,30,3
Cricket,BAT,132,100,30,2
Cricket,BAT,141,100,30,4
Cricket,BAT,142,100,30,1
Cricket,BAT,151,100,30,0
Cricket,BAT,151,100,30,1
Cricket,BAT,151,100,30,0
Cricket,BAT,151,100,30,1
Cricket,BAT,151,100,30,0
Cricket,BAT,152,100,30,0
Cricket,BAT,152,100,30,7
Cricket,BAT,152,100,30,2
Cricket,BAT,152,100,30,0
Cricket,BAT,152,100,30,0
Cricket,BAT,161,100,30,3
Cricket,BAT,161,100,30,2
Cricket,BAT,161,100,30,2
Cricket,BAT,162,100,30,0
Cricket,BAT,162,100,30,0
Cricket,BAT,162,100,30,4
Cricket,BAT,171,100,30,2
Cricket,BAT,171,100,30,4
Cricket,BAT,171,100,30,1
Cricket,BAT,171,100,30,3
Cricket,BAT,171,100,30,7
Cricket,BAT,172,100,30,0
Cricket,BAT,172,100,30,2
Cricket,BAT,172,100,30,1
Cricket,BAT,172,100,30,0
Cricket,BAT,172,100,30,2
Cricket,BAT,350,300,30,0
Cricket,BAT,350,300,30,1
Cricket,BAT,350,300,30,1
Cricket,BAT,350,300,30,2
Cricket,BAT,350,300,30,0
Cricket,BAT,350,300,30,1
Cricket,BAT,350,300,30,0
Cricket,BAT,350,300,30,0
Cricket,BAT,350,300,30,0
Cricket,BAT,350,300,30,0
Cricket,BAT,350,300,30,0
Cricket,BAT,350,300,30,0
Cricket,BAT,350,300,30,0
Cricket,BAT,350,300,30,1
Cricket,BAT,350,300,30,1
Cricket,BAT,350,300,30,0
Cricket,BAT,350,300,30,1
Cricket,BAT,350,300,30,0
Cricket,BAT,422,400,30,3
Cricket,BAT,422,400,30,0
Cricket,BAT,423,400,30,1
Cricket,BAT,431,400,30,2
Cricket,BAT,432,400,30,1
Cricket,BAT,432,400,30,0
Cricket,BAT,432,400,30,0
Cricket,BAT,432,400,30,3
Cricket,BAT,433,400,30,1
Cricket,BAT,433,400,30,0
Chess,CHSS,600,600,12,8
Chess,CHSS,600,600,12,8
Chess,CHSS,602,600,10,10
Chess,CHSS,602,600,10,9
Chess,CHSS,605,600,11,8
Chess,CHSS,605,600,11,8
Chess,CHSS,607,600,10,7
Chess,CHSS,607,600,9,9
Chess,CHSS,608,600,10,3
Chess,CHSS,609,600,11,9
Chess,CHSS,617,600,10,7
Chess,CHSS,618,600,14,13
Chess,CHSS,634,600,10,0
Chess,CHSS,636,600,10,0
Chess,CHSS,644,600,10,0
Chess,CHSS,670,600,8,0
Chess,CHSS,681,600,11,11
Chess,CHSS,682,600,10,7
Chess,CHSS,682,600,12,12
Chess,CHSS,683,600,10,8
Chess,CHSS,683,600,10,6
Chess,CHSS,684,600,10,10
Chess,CHSS,690,600,10,3
Chess,CHSS,691,600,10,6
Chess,CHSS,691,600,10,0
Chess,CHSS,692,600,10,3
Chess,CHSS,695,600,10,9
Chess,CHSS,695,600,10,9
Chess,CHSS,801,800,10,0
Chess,CHSS,803,800,10,3
Chess,CHSS,804,800,10,5
Chess,CHSS,831,800,10,0
Chess,CHSS,372,300,30,27
Chess,CHSS,372,300,30,23
Chess,CHSS,372,300,30,26
Chess,CHSS,375,300,30,24
Chess,CHSS,375,300,30,28
Chess,CHSS,375,300,30,25
Chess,CHSS,383,300,30,27
Chess,CHSS,383,300,30,24
Chess,CHSS,383,300,30,25
Chess,CHSS,482,400,42,33
Chess,CHSS,482,400,42,33
Chess,CHSS,482,400,30,0
Chess,CHSS,479,400,30,24
Chess,CHSS,479,400,30,24
Chess,CHSS,479,400,30,20
Chess,CHSS,487,400,38,35
Chess,CHSS,487,400,38,31
Chess,CHSS,214,200,24,24
Chess,CHSS,214,200,24,22
Chess,CHSS,341,300,10,3
Chess,CHSS,428,400,10,2
Chess,CHSS,339,300,32,31
Chess,CHSS,339,300,32,31
Chess,CHSS,339,300,32,31
Chess,CHSS,314,300,32,32
Chess,CHSS,314,300,33,33
Chess,CHSS,314,300,32,32
Chess,CHSS,319,300,31,31
Chess,CHSS,319,300,30,29
Chess,CHSS,319,300,30,29
Chess,CHSS,319,300,3,2
Chess,CHSS,471,400,37,39
Chess,CHSS,333,300,32,30
Chess,CHSS,333,300,33,30
Chess,CHSS,333,300,32,30
Chess,CHSS,333,300,10,4
Chess,CHSS,471,400,38,32
Chess,CHSS,475,400,37,38
Chess,CHSS,475,400,37,32
Chess,CHSS,331,300,30,0
Chess,CHSS,331,300,33,31
Chess,CHSS,331,300,32,31
Chess,CHSS,331,300,5,1
Chess,CHSS,332,300,35,27
Chess,CHSS,332,300,30,19
Chess,CHSS,332,300,32,17
Chess,CHSS,485,400,35,32
Chess,CHSS,485,400,38,38
Chess,CHSS,371,300,31,27
Chess,CHSS,371,300,30,0
Chess,CHSS,371,300,30,27
Chess,CHSS,378,300,30,25
Chess,CHSS,378,300,30,23
Chess,CHSS,378,300,30,25
Chess,CHSS,378,300,4,2
Chess,CHSS,487,400,8,2
Chess,CHSS,479,400,8,3
Chess,CHSS,482,400,10,1
Chess,CHSS,635,600,10,1
Chess,CHSS,807,800,10,0
Chess,CHSS,319,300,30,26
Chess,CHSS,608,600,10,0
Chess,CHSS,608,600,10,0
Chess,CHSS,697,600,8,8
Chess,CHSS,809,800,1,0
Chess,CHSS,602,600,10,8
Cricket,BAT,433,400,30,2
Cricket,BAT,433,400,30,1
Chess,OPNG,335,300,10,9
Chess,OPNG,335,300,10,10
Chess,OPNG,335,300,10,10
Chess,OPNG,335,300,10,9
Chess,OPNG,335,300,10,9
Chess,OPNG,335,300,10,8
Chess,OPNG,335,300,10,10
Chess,OPNG,335,300,10,9
Chess,OPNG,382,300,8,8
Chess,OPNG,382,300,8,8
Chess,OPNG,382,300,8,8
Chess,OPNG,382,300,8,7
Chess,OPNG,382,300,8,7
Chess,OPNG,382,300,8,6
Chess,OPNG,382,300,8,8
Chess,OPNG,382,300,8,8
Chess,OPNG,382,300,8,7
Chess,OPNG,382,300,8,8
Chess,OPNG,488,400,10,9
Chess,OPNG,488,400,10,9
Chess,OPNG,488,400,10,9
Chess,OPNG,488,400,10,10
Chess,OPNG,488,400,10,10
Chess,OPNG,488,400,10,9
Chess,OPNG,488,400,10,10
Chess,OPNG,489,400,8,8
Chess,OPNG,489,400,8,7
Chess,OPNG,489,400,8,8
Chess,OPNG,489,400,8,8
Chess,OPNG,489,400,9,8
Chess,OPNG,489,400,8,8
Chess,OPNG,489,400,8,6
Chess,OPNG,489,400,8,6
Chess,OPNG,489,400,8,7
Chess,OPNG,473,400,8,8
Chess,OPNG,473,400,8,8
Chess,OPNG,473,400,8,8
Chess,OPNG,473,400,8,8
Chess,OPNG,473,400,8,0
Chess,OPNG,473,400,8,8
Chess,OPNG,473,400,8,8
Chess,OPNG,473,400,8,7
Chess,OPNG,473,400,8,7
Chess,OPNG,473,400,8,8
Chess,OPNG,477,400,8,8
Chess,OPNG,477,400,8,8
Chess,OPNG,477,400,8,8
Chess,OPNG,477,400,8,8
Chess,OPNG,477,400,8,8
Chess,OPNG,477,400,8,8
Chess,OPNG,477,400,8,7
Chess,OPNG,477,400,8,7
Chess,OPNG,477,400,8,8
Chess,OPNG,403,400,10,0
Chess,OPNG,403,400,10,11
Chess,OPNG,403,400,10,11
Chess,OPNG,315,300,8,8
Chess,OPNG,315,300,7,7
Chess,OPNG,315,300,8,8
Chess,OPNG,315,300,7,7
Chess,OPNG,315,300,8,8
Chess,OPNG,315,300,8,8
Chess,OPNG,315,300,6,6
Chess,OPNG,315,300,7,7
Chess,OPNG,315,300,7,6
Chess,OPNG,315,300,7,7
Chess,OPNG,315,300,7,7
Chess,OPNG,403,400,10,10
Chess,OPNG,403,400,10,10
Chess,OPNG,403,400,10,9
Chess,OPNG,403,400,10,9
Chess,OPNG,403,400,10,10
Chess,OPNG,305,300,8,8
Chess,OPNG,305,300,7,7
Chess,OPNG,305,300,8,8
Chess,OPNG,305,300,7,7
Chess,OPNG,305,300,8,8
Chess,OPNG,305,300,8,8
Chess,OPNG,305,300,6,6
Chess,OPNG,305,300,7,7
Chess,OPNG,305,300,7,6
Chess,OPNG,305,300,7,7
Chess,OPNG,305,300,7,7
Chess,OPNG,334,300,12,11
Chess,OPNG,334,300,12,11
Chess,OPNG,334,300,12,12
Chess,OPNG,334,300,12,12
Chess,OPNG,334,300,20,0
Chess,OPNG,334,300,12,12
Chess,OPNG,334,300,12,0
Chess,OPNG,373,300,8,8
Chess,OPNG,373,300,8,8
Chess,OPNG,373,300,8,7
Chess,OPNG,373,300,8,6
Chess,OPNG,373,300,8,7
Chess,OPNG,373,300,10,0
Chess,OPNG,373,300,8,7
Chess,OPNG,373,300,10,0
Chess,OPNG,373,300,8,8
Chess,OPNG,488,400,8,0
Chess,OPNG,488,400,8,3
Chess,OPNG,488,400,10,0
Cricket,BAT,441,400,30,0
Cricket,BAT,442,400,30,2
Cricket,BAT,443,400,30,3
Strategy,WAR,101,100,30,23
Strategy,WAR,101,100,30,30
Strategy,WAR,201,200,30,27
Strategy,WAR,202,200,30,21
Strategy,WAR,203,200,25,24
Strategy,WAR,204,200,25,24
Strategy,WAR,205,200,15,15
Strategy,WAR,205,200,25,16
Strategy,WAR,303,300,20,21
Strategy,WAR,303,300,20,20
Strategy,WAR,304,300,30,22
Strategy,WAR,305,300,15,13
Strategy,WAR,305,300,15,15
Strategy,WAR,307,300,20,15
Strategy,WAR,308,300,20,23
Strategy,WAR,360,300,25,24
Strategy,WAR,361,300,25,28
Strategy,WAR,402,400,25,22
Strategy,WAR,406,400,30,24
Strategy,WAR,497,400,12,13
Strategy,WAR,497,400,12,13
Strategy,WAR,498,400,12,13
Strategy,WAR,498,400,12,13
Cricket,BAT,450,400,30,1
Cricket,BAT,450,400,30,1
Cricket,BAT,450,400,30,0
Cricket,BAT,450,400,30,0
Cricket,BAT,450,400,30,0
Climbing,CLMB,101,100,70,41
Climbing,CLMB,101,100,70,57
Climbing,CLMB,101,100,70,16
Climbing,CLMB,101,100,70,68
Climbing,CLMB,101,100,31,31
Climbing,CLMB,101,100,30,30
Climbing,CLMB,101,100,30,30
Climbing,CLMB,101,100,30,30
Climbing,CLMB,102,100,70,37
Climbing,CLMB,102,100,70,35
Climbing,CLMB,102,100,70,19
Climbing,CLMB,102,100,30,20
Climbing,CLMB,102,100,20,15
Climbing,CLMB,102,100,20,19
Climbing,CLMB,107,100,70,23
Climbing,CLMB,108,100,70,23
Climbing,CLMB,108,100,30,29
Climbing,CLMB,201,200,70,35
Climbing,CLMB,201,200,69,69
Climbing,CLMB,201,200,70,59
Climbing,CLMB,201,200,70,19
Climbing,CLMB,201,200,40,16
Climbing,CLMB,201,200,30,30
Climbing,CLMB,201,200,30,30
Climbing,CLMB,201,200,30,30
Climbing,CLMB,202,200,70,70
Climbing,CLMB,202,200,70,65
Climbing,CLMB,202,200,70,21
Climbing,CLMB,202,200,70,55
Climbing,CLMB,202,200,70,25
Climbing,CLMB,202,200,30,30
Climbing,CLMB,202,200,31,31
Climbing,CLMB,202,200,30,30
Climbing,CLMB,202,200,31,31
Climbing,CLMB,323,300,20,8
Climbing,CLMB,403,400,10,6
Climbing,CLMB,497,400,15,15
Climbing,CLMB,497,400,16,18
Climbing,CLMB,602,600,10,1
Climbing,CLMB,607,600,10,6
Climbing,CLMB,611,600,10,7
Climbing,CLMB,202,200,20,19
Climbing,CLMB,321,300,70,13
Climbing,CLMB,321,300,32,31
Cricket,BAT,450,400,30,1
Cricket,BAT,450,400,30,0
Cricket,BAT,450,400,30,1
Cricket,BAT,450,400,30,0
Cricket,BAT,450,400,30,0
Cricket,BAT,450,400,30,1
Climbing,IFTR,491,400,10,7
Climbing,ATLR,113,100,20,8
Climbing,ATLR,114,100,20,8
Climbing,ATLR,213,200,20,9
Climbing,ATLR,214,200,20,10
Cricket,BAT,450,400,30,0
Climbing,CVLR,201,200,40,40
Climbing,CVLR,201,200,30,30
Climbing,CVLR,301,300,40,23
Cricket,BAT,450,400,30,2
Climbing,CMBN,200,200,40,19
Climbing,CMBN,201,200,40,27
Climbing,CMBN,201,200,70,33
Climbing,CMBN,201,200,40,40
Climbing,CMBN,201,200,70,25
Climbing,CMBN,201,200,30,30
Climbing,CMBN,201,200,30,28
Climbing,CMBN,202,200,30,30
Climbing,CMBN,202,200,30,14
Climbing,CMBN,300,300,25,13
Climbing,CMBN,400,400,2,2
Climbing,CMBN,426,400,40,23
Climbing,CMBN,490,400,20,9
Cricket,BAT,450,400,30,1
Cricket,BAT,450,400,30,0
Cricket,BAT,450,400,30,1
Cricket,BAT,450,400,30,1
Cricket,BAT,450,400,30,1
Cricket,BAT,450,400,30,1
Cricket,BAT,451,400,30,1
Cricket,BAT,452,400,30,0
Cricket,BAT,452,400,30,1
Cricket,BAT,452,400,30,0
Cricket,BAT,452,400,30,0
Cricket,BAT,452,400,30,0
Cricket,BAT,453,400,30,0
Cricket,BAT,453,400,30,1
Cricket,BAT,453,400,30,1
Cricket,BAT,453,400,30,0
Cricket,BAT,461,400,30,1
Cricket,BAT,461,400,30,1
Cricket,BAT,461,400,30,8
Cricket,BAT,462,400,30,0
Cricket,BAT,462,400,30,0
Cricket,BAT,463,400,30,1
Javelin,JVLN,200,200,46,39
Javelin,JVLN,200,200,46,46
Javelin,JVLN,200,200,48,44
Javelin,JVLN,200,200,48,46
Javelin,JVLN,200,200,46,46
Javelin,JVLN,200,200,48,48
Javelin,JVLN,200,200,35,42
Javelin,JVLN,215,200,40,34
Javelin,JVLN,215,200,40,24
Javelin,JVLN,221,200,48,21
Javelin,JVLN,221,200,48,36
Javelin,JVLN,225,200,48,19
Javelin,JVLN,225,200,48,42
Javelin,JVLN,225,200,46,41
Javelin,JVLN,225,200,46,38
Javelin,JVLN,312,300,35,31
Javelin,JVLN,312,300,35,25
Javelin,JVLN,313,300,40,28
Javelin,JVLN,313,300,40,26
Javelin,JVLN,315,300,40,27
Javelin,JVLN,315,300,40,28
Javelin,JVLN,331,300,35,24
Javelin,JVLN,331,300,35,23
Javelin,JVLN,340,300,40,41
Javelin,JVLN,341,300,35,11
Javelin,JVLN,341,300,35,27
Javelin,JVLN,391,300,30,36
Javelin,JVLN,395,300,14,12
Javelin,JVLN,400,400,35,24
Javelin,JVLN,407,400,46,38
Javelin,JVLN,411,400,46,45
Javelin,JVLN,442,400,35,8
Javelin,JVLN,444,400,30,37
Javelin,JVLN,500,500,10,0
Javelin,JVLN,544,500,10,0
Javelin,JVLN,625,600,30,15
Javelin,JVLN,542,500,10,1
Javelin,JVLN,393,300,30,2
Javelin,TECH,231,200,35,34
Javelin,TECH,231,200,48,40
Javelin,TECH,231,200,46,46
Javelin,TECH,231,200,48,48
Javelin,TECH,231,200,48,42
Javelin,TECH,234,200,35,19
Javelin,TECH,234,200,35,28
Javelin,TECH,333,300,46,25
Javelin,TECH,333,300,48,18
Javelin,TRGT,282,200,48,39
Javelin,TRGT,381,300,48,48
Javelin,TRGT,381,300,48,48
Javelin,TRGT,381,300,48,38
Javelin,TRGT,381,300,48,48
Javelin,TRGT,381,300,48,48
Javelin,TRGT,384,300,48,26
Javelin,TRGT,391,300,30,1
Javelin,TRGT,410,400,48,20
Javelin,TRGT,447,400,48,31
Javelin,TRGT,452,400,48,28
Javelin,TRGT,495,400,48,13
Javelin,TRGT,499,400,48,12
Javelin,TRGT,653,600,30,15
Javelin,TRGT,495,400,10,1
Cricket,BAT,463,400,30,0
Cricket,BAT,472,400,30,3
Judo,JUDO,201,200,35,35
Judo,JUDO,201,200,45,45
Judo,JUDO,201,200,45,45
Judo,JUDO,201,200,45,45
Judo,JUDO,201,200,45,45
Judo,JUDO,201,200,34,35
Judo,JUDO,201,200,45,45
Judo,JUDO,202,200,45,45
Judo,JUDO,202,200,35,35
Judo,JUDO,202,200,35,34
Judo,JUDO,202,200,45,45
Judo,JUDO,202,200,45,44
Judo,JUDO,202,200,45,45
Judo,JUDO,202,200,45,45
Judo,JUDO,333,300,45,34
Judo,JUDO,333,300,35,35
Judo,JUDO,333,300,43,42
Judo,JUDO,333,300,45,45
Judo,JUDO,333,300,45,45
Judo,JUDO,402,400,45,38
Judo,JUDO,613,600,30,15
Judo,JUDO,201,200,45,45
Judo,DEFS,480,400,0,2
Cricket,BAT,472,400,30,3
Judo,THRW,101,100,45,31
Judo,THRW,240,200,40,41
Judo,THRW,240,200,40,39
Judo,THRW,240,200,40,41
Judo,THRW,240,200,40,37
Judo,THRW,240,200,34,31
Judo,THRW,240,200,34,33
Judo,THRW,240,200,34,31
Judo,THRW,101,100,45,39
Judo,THRW,101,100,45,42
Judo,THRW,101,100,45,39
Judo,THRW,101,100,45,22
Judo,THRW,101,100,45,40
Judo,THRW,464,400,35,21
Judo,THRW,464,400,35,27
Judo,THRW,464,400,35,32
Judo,THRW,464,400,45,45
Judo,THRW,464,400,45,45
Judo,THRW,478,400,35,27
Judo,THRW,351,300,30,20
Judo,THRW,351,300,45,40
Judo,THRW,351,300,45,25
Judo,THRW,351,300,45,38
Judo,THRW,351,300,45,40
Judo,THRW,351,300,45,35
Judo,THRW,351,300,45,41
Judo,THRW,375,300,35,35
Judo,THRW,375,300,35,19
Judo,THRW,440,400,40,22
Judo,THRW,220,200,40,40
Judo,THRW,220,200,40,39
Judo,THRW,210,200,40,41
Judo,THRW,210,200,40,40
Judo,THRW,210,200,40,40
Judo,THRW,210,200,40,40
Judo,THRW,210,200,40,40
Judo,THRW,473,400,48,39
Judo,THRW,473,400,48,48
Judo,THRW,425,400,48,48
Judo,THRW,425,400,48,48
Judo,THRW,425,400,44,31
Judo,THRW,425,400,48,48
Judo,THRW,321,300,24,24
Judo,THRW,457,400,35,34
Judo,THRW,471,400,34,34
Judo,THRW,471,400,34,20
Judo,THRW,476,400,32,21
Judo,THRW,391,300,0,4
Judo,THRW,478,400,35,35
Judo,THRW,475,400,40,18
Judo,THRW,420,400,40,40
Judo,THRW,435,400,40,40
Judo,THRW,663,600,30,16
Judo,THRW,657,600,30,14
Judo,THRW,695,600,30,16
Judo,THRW,683,600,22,21
Judo,THRW,485,400,16,17
Judo,THRW,585,500,7,7
Judo,THRW,240,200,40,27
Karate,BLK,331,300,45,43
Karate,BLK,319,300,45,45
Karate,BLK,303,300,45,30
Karate,BLK,444,400,45,41
Karate,BLK,303,300,45,41
Karate,BLK,673,600,30,15
Karate,BLK,303,300,45,32
Karate,BLK,303,300,45,40
Karate,BLK,421,400,32,28
Karate,BLK,314,300,45,22
Karate,BLK,321,300,32,32
Karate,BLK,321,300,32,32
Karate,BLK,432,400,45,42
Karate,BLK,442,400,29,29
Karate,BLK,303,300,45,45
Karate,BLK,342,300,45,40
Karate,BLK,303,300,45,44
Karate,BLK,205,200,45,44
Karate,BLK,373,300,30,30
Karate,BLK,391,300,0,5
Karate,BLK,319,300,45,45
Karate,BLK,392,300,0,1
Karate,BLK,373,300,28,0
Karate,BLK,320,300,45,23
Karate,BLK,673,600,30,11
Cricket,BAT,472,400,30,1
Karate,KCK,350,300,24,24
Karate,KCK,350,300,40,32
Karate,KCK,210,200,45,45
Karate,KCK,350,300,45,40
Karate,KCK,320,300,45,42
Karate,KCK,320,300,35,27
Karate,KCK,320,300,45,42
Karate,KCK,320,300,45,32
Karate,KCK,391,300,0,2
Karate,KCK,392,300,0,0
Karate,KCK,435,400,34,16
Karate,KCK,430,400,45,35
Karate,KCK,320,300,45,45
Karate,KCK,380,300,40,40
Karate,KCK,350,300,0,0
Karate,KCK,350,300,30,30
Karate,KCK,370,300,40,20
Karate,KCK,430,400,45,44
Karate,KCK,430,400,45,26
Karate,KCK,600,600,45,15
Karate,KCK,430,400,45,19
Karate,KCK,430,400,45,36
Karate,KCK,350,300,40,40
Karate,KCK,310,300,45,22
Karate,KCK,210,200,34,34
Karate,KCK,210,200,45,45
Karate,KCK,440,400,45,21
Karate,KCK,210,200,45,45
Karate,KCK,210,200,35,35
Karate,KCK,210,200,35,35
Karate,KCK,635,600,30,8
Cricket,BAT,472,400,30,3
Cricket,BAT,472,400,30,3
Cricket,BAT,473,400,30,0
Cricket,BAT,473,400,30,1
Cricket,BAT,473,400,30,1
Dancing,DNCE,108,100,20,19
Dancing,DNCE,108,100,0,0
Dancing,DNCE,300,300,20,18
Dancing,DNCE,311,300,20,18
Dancing,DNCE,312,300,20,18
Dancing,DNCE,304,300,17,17
Dancing,DNCE,314,300,18,17
Dancing,DNCE,316,300,25,24
Dancing,DNCE,318,300,25,24
Dancing,WLTZ,405,400,18,12
Dancing,WLTZ,415,400,18,14
Dancing,WLTZ,600,600,18,3
Dancing,WLTZ,610,600,18,4
Dancing,TNGO,301,300,16,16
Dancing,TNGO,301,300,15,13
Dancing,RMBA,503,500,17,17
Dancing,RMBA,580,500,10,3
Dancing,RMBA,610,600,20,13
Dancing,BLT,401,400,19,19
Dancing,BLT,401,400,18,18
Dancing,BLT,401,400,22,22
Dancing,BLT,402,400,15,14
Dancing,BLT,501,500,5,0
Dancing,BLT,502,500,5,4
Dancing,FXTR,649,600,15,5
Dancing,FXTR,612,600,20,19
Dancing,FXTR,688,600,15,7
Dancing,FXTR,663,600,15,11
Dancing,FXTR,763,700,15,4
Dancing,FXTR,667,600,15,10
Dancing,FXTR,710,700,15,8
Dancing,FXTR,770,700,15,8
Dancing,FXTR,600,600,15,9
Dancing,FXTR,213,200,14,11
Dancing,FXTR,200,200,17,17
Dancing,FXTR,200,200,16,15
Dancing,FXTR,200,200,18,19
Dancing,FXTR,200,200,18,17
Dancing,FXTR,200,200,17,17
Dancing,FXTR,365,300,14,10
Dancing,FXTR,442,400,14,5
Dancing,POL,516,500,5,0
Dancing,POL,528,500,5,3
Dancing,POL,601,600,15,3
Dancing,POL,661,600,15,10
Dancing,POL,695,600,15,9
Dancing,POL,657,600,15,10
Dancing,POL,658,600,15,1
Dancing,POL,678,600,15,11
Dancing,POL,202,200,15,13
Dancing,POL,202,200,16,16
Dancing,POL,202,200,16,16
Dancing,POL,202,200,16,16
Dancing,POL,221,200,23,23
Dancing,POL,304,300,20,20
Dancing,POL,304,300,16,16
Dancing,POL,308,300,15,10
Dancing,POL,322,300,20,17
Dancing,POL,307,300,20,20
Dancing,POL,307,300,20,20
Dancing,POL,407,400,16,14
Dancing,POL,309,300,25,25
Dancing,POL,315,300,20,19
Dancing,POL,316,300,21,20
Dancing,POL,320,300,18,17
Dancing,POL,322,300,20,15
Dancing,POL,324,300,20,20
Dancing,POL,324,300,20,12
Dancing,POL,327,300,18,18
Dancing,POL,332,300,15,14
Dancing,POL,333,300,16,19
Dancing,POL,333,300,18,9
Dancing,POL,472,400,24,25
Dancing,POL,494,400,10,9
Dancing,POL,428,400,15,3
Dancing,POL,452,400,18,15
Dancing,POL,453,400,50,48
Dancing,POL,449,400,20,15
Dancing,POL,677,600,15,5
Dancing,POL,315,300,20,20
Dancing,FXTR,670,600,15,6
Dancing,POL,646,600,15,2
Polo,WTPL,600,600,5,3
Polo,WTPL,600,600,6,6
Polo,WTPL,800,800,16,13
Polo,WTPL,801,800,11,9
Polo,WTPL,803,800,10,10
Polo,WTPL,999,900,15,11
Polo,WTPL,999,900,15,11
Polo,WTPL,999,900,15,6
Polo,WTPL,999,900,15,9
Polo,WTPL,999,900,15,2
Polo,WTPL,999,900,15,9
Polo,RDG,625,600,10,9
Polo,RDG,642,600,10,9
Polo,RDG,702,700,13,12
Polo,RDG,721,700,13,12
Polo,RDG,723,700,5,3
Polo,RDG,723,700,6,6
Polo,RDG,725,700,12,5
Polo,RDG,810,800,15,13
Polo,TCTS,615,600,12,5
Polo,RDG,861,800,11,8
Dancing,POL,486,400,100,80
Dancing,POL,327,300,9,11
Dancing,MNUT,631,600,30,12
Dancing,POL,485,400,30,18
Dancing,MNUT,650,600,15,10
Dancing,DNCE,108,100,20,18
Dancing,POL,220,200,23,23
Dancing,POL,222,200,23,23
Polo,WTPL,999,900,11,5
Dancing,POL,204,200,40,35
Dancing,POL,320,300,20,16
Cricket,BAT,473,400,30,2
Cricket,BAT,473,400,30,0
Cricket,BAT,623,600,30,1
Boxing,BXNG,152,200,24,24
Boxing,BXNG,152,200,24,24
Boxing,BXNG,152,200,24,24
Boxing,BXNG,152,200,24,22
Boxing,BXNG,152,200,24,24
Boxing,BXNG,152,200,24,24
Boxing,BXNG,152,200,24,24
Boxing,BXNG,152,200,24,24
Boxing,BXNG,152,200,24,24
Boxing,BXNG,152,200,24,24
Boxing,BXNG,152,200,24,24
Boxing,BXNG,152,200,24,24
Boxing,BXNG,152,200,24,23
Boxing,BXNG,152,200,24,23
Boxing,BXNG,152,200,24,24
Boxing,BXNG,152,200,0,0
Boxing,BXNG,152,200,24,24
Boxing,BXNG,152,200,24,24
Boxing,BXNG,152,200,24,24
Boxing,BXNG,154,200,24,10
Boxing,BXNG,154,200,24,22
Boxing,BXNG,154,200,24,20
Boxing,BXNG,154,200,24,24
Boxing,BXNG,154,200,24,13
Boxing,BXNG,154,200,24,17
Boxing,BXNG,154,200,24,23
Boxing,BXNG,154,200,24,24
Boxing,BXNG,154,200,24,12
Boxing,BXNG,154,200,24,24
Boxing,BXNG,154,200,24,18
Boxing,BXNG,154,200,24,24
Cricket,BAT,631,600,30,2
Cricket,BAT,633,600,30,1
Boxing,HOOK,106,100,60,60
Boxing,HOOK,106,100,60,56
Boxing,HOOK,106,100,60,46
Boxing,HOOK,106,100,50,19
Boxing,HOOK,106,100,60,54
Boxing,HOOK,106,100,60,60
Boxing,HOOK,106,100,40,40
Boxing,HOOK,106,100,40,37
Boxing,HOOK,107,100,60,33
Boxing,HOOK,107,100,60,46
Boxing,HOOK,107,100,60,60
Boxing,HOOK,107,100,60,60
Boxing,HOOK,107,100,60,54
Boxing,HOOK,107,100,75,76
Boxing,HOOK,107,100,40,40
Boxing,HOOK,151,200,40,35
Boxing,HOOK,151,200,60,39
Boxing,HOOK,151,200,60,31
Boxing,HOOK,151,200,60,41
Boxing,HOOK,151,200,60,52
Boxing,HOOK,151,200,60,60
Boxing,HOOK,151,200,60,50
Boxing,HOOK,151,200,60,59
Boxing,HOOK,151,200,60,41
Boxing,HOOK,151,200,40,40
Boxing,HOOK,153,200,40,40
Boxing,HOOK,153,200,50,50
Boxing,HOOK,153,200,50,49
Boxing,HOOK,153,200,50,18
Boxing,HOOK,153,200,40,16
Boxing,HOOK,153,200,50,50
Boxing,HOOK,153,200,50,37
Boxing,HOOK,153,200,25,22
Boxing,HOOK,200,200,35,31
Boxing,HOOK,200,200,40,40
Boxing,HOOK,200,200,40,41
Boxing,HOOK,241,200,32,32
Boxing,HOOK,241,200,32,32
Boxing,HOOK,281,300,24,24
Boxing,HOOK,312,300,32,28
Boxing,HOOK,312,300,35,16
Boxing,HOOK,312,300,32,32
Boxing,HOOK,341,300,30,25
Boxing,HOOK,341,300,15,16
Boxing,HOOK,441,400,16,17
Boxing,HOOK,441,400,15,17
Boxing,HOOK,441,400,16,18
Boxing,HOOK,409,400,30,5
Boxing,HOOK,450,500,30,10
Boxing,HOOK,600,600,30,5
Boxing,HOOK,661,700,20,0
Boxing,HOOK,770,800,20,16
Boxing,HOOK,691,700,20,7
Boxing,HOOK,203,200,22,8
Boxing,HOOK,377,400,24,23
Boxing,HOOK,377,400,24,23
Boxing,HOOK,395,400,24,24
Boxing,HOOK,397,400,24,18
Boxing,HOOK,492,500,35,33
Boxing,HOOK,691,700,20,4
Boxing,HOOK,691,700,20,6
Boxing,HOOK,107,100,40,40
Boxing,HOOK,107,100,40,39
Boxing,HOOK,106,100,40,40
Boxing,HOOK,341,300,15,15
Cricket,BAT,633,600,30,0
Boxing,JAB,205,200,30,30
Boxing,JAB,205,200,30,30
Boxing,JAB,223,200,40,22
Boxing,JAB,223,200,40,40
Boxing,JAB,223,200,40,37
Boxing,JAB,325,300,24,24
Cricket,BAT,633,600,30,1
Cricket,BAT,633,600,30,0
Cricket,BAT,643,600,30,0
Cricket,BAT,650,600,30,0
Boxing,PNCH,207,200,24,24
Boxing,PNCH,207,200,24,21
Boxing,PNCH,207,200,24,9
Boxing,PNCH,207,200,24,8
Boxing,PNCH,224,200,24,13
Boxing,PNCH,224,200,24,16
Boxing,PNCH,224,200,24,19
Boxing,PNCH,224,200,24,12
Boxing,PNCH,224,200,24,13
Boxing,PNCH,224,200,24,15
Boxing,COVR,250,300,45,30
Boxing,COVR,250,300,43,43
Boxing,COVR,250,300,45,45
Boxing,COVR,250,300,45,45
Boxing,COVR,250,300,45,45
Boxing,COVR,250,300,45,45
Boxing,COVR,250,300,43,42
Boxing,COVR,250,300,30,21
Boxing,COVR,251,300,27,19
Boxing,COVR,251,300,40,40
Boxing,COVR,251,300,27,21
Boxing,COVR,251,300,40,40
Boxing,COVR,251,300,40,38
Boxing,COVR,251,300,40,40
Boxing,COVR,250,300,43,43
Boxing,COVR,392,400,24,23
Boxing,COVR,392,400,24,23
Boxing,COVR,251,300,40,15
Boxing,CRSS,252,300,24,24
Boxing,CRSS,252,300,24,24
Boxing,CRSS,252,300,24,23
Boxing,CRSS,252,300,24,23
Boxing,CRSS,252,300,24,24
Boxing,CRSS,252,300,24,24
Boxing,CRSS,252,300,24,18
Boxing,CRSS,252,300,24,23
Boxing,CRSS,252,300,24,24
Boxing,CRSS,252,300,24,24
Boxing,CRSS,252,300,24,24
Boxing,CRSS,252,300,24,24
Boxing,CRSS,252,300,24,24
Boxing,CRSS,252,300,24,24
Boxing,CRSS,252,300,24,24
Boxing,CRSS,252,300,24,24
Boxing,CRSS,253,300,24,20
Boxing,CRSS,253,300,24,24
Boxing,CRSS,253,300,24,24
Boxing,CRSS,253,300,24,24
Boxing,CRSS,253,300,24,12
Boxing,CRSS,253,300,24,23
Boxing,CRSS,253,300,24,15
Boxing,CRSS,253,300,24,23
Boxing,CRSS,253,300,24,24
Boxing,CRSS,253,300,24,20
Boxing,CRSS,252,300,24,24
Snooker,BNC,101,100,30,30
Snooker,BNC,101,100,65,50
Snooker,BNC,101,100,65,65
Snooker,BNC,102,100,60,11
Snooker,BNC,102,100,30,17
Snooker,BNC,107,100,80,67
Snooker,BNC,107,100,80,57
Snooker,BNC,107,100,80,78
Snooker,BNC,121,100,80,80
Snooker,BNC,121,100,80,80
Snooker,BNC,121,100,80,56
Snooker,BNC,122,100,80,72
Snooker,BNC,122,100,80,54
Snooker,BNC,122,100,25,12
Snooker,BNC,221,200,25,13
Snooker,BNC,251,300,25,12
Snooker,BNC,261,300,60,56
Snooker,BNC,265,300,60,47
Snooker,BNC,266,300,60,44
Snooker,BNC,281,300,30,26
Snooker,BNC,396,400,20,3
Snooker,BNC,401,400,20,7
Snooker,BNC,410,400,20,4
Snooker,BNC,482,500,30,21
Snooker,DROP,103,100,24,24
Snooker,DROP,103,100,24,24
Snooker,DROP,103,100,24,20
Snooker,DROP,103,100,24,20
Snooker,DROP,103,100,24,21
Snooker,DROP,103,100,24,21
Snooker,DROP,103,100,24,23
Snooker,DROP,103,100,24,23
Snooker,DROP,104,100,20,9
Snooker,DROP,104,100,20,9
Snooker,DROP,104,100,20,8
Snooker,DROP,104,100,20,8
Snooker,DROP,123,100,24,24
Snooker,DROP,123,100,24,24
Snooker,DROP,123,100,24,21
Snooker,DROP,123,100,24,21
Snooker,DROP,123,100,24,24
Snooker,DROP,123,100,24,24
Snooker,DROP,123,100,24,23
Snooker,DROP,123,100,24,23
Snooker,DROP,123,100,24,24
Snooker,DROP,123,100,24,24
Snooker,DROP,123,100,24,14
Snooker,DROP,123,100,24,14
Snooker,DROP,123,100,24,23
Snooker,DROP,123,100,24,23
Snooker,DROP,123,100,24,18
Snooker,DROP,123,100,24,18
Snooker,DROP,124,100,24,17
Snooker,DROP,124,100,24,17
Snooker,DROP,124,100,24,24
Snooker,DROP,124,100,24,24
Snooker,DROP,124,100,24,23
Snooker,DROP,124,100,24,23
Snooker,DROP,124,100,24,13
Snooker,DROP,124,100,24,13
Snooker,DROP,211,200,3,1
Snooker,DROP,211,200,3,1
Snooker,DROP,256,300,16,8
Snooker,DROP,256,300,16,8
Snooker,DROP,263,300,16,15
Snooker,DROP,263,300,16,15
Snooker,DROP,267,300,16,12
Snooker,DROP,267,300,16,12
Snooker,DROP,267,300,16,7
Snooker,DROP,267,300,16,7
Snooker,DROP,267,300,16,7
Snooker,DROP,267,300,16,7
Snooker,DROP,268,300,16,14
Snooker,DROP,268,300,16,14
Snooker,DROP,268,300,16,16
Snooker,DROP,268,300,16,16
Snooker,DROP,268,300,16,10
Snooker,DROP,268,300,16,10
Snooker,DROP,283,300,16,16
Snooker,DROP,283,300,16,16
Snooker,DROP,411,400,3,2
Snooker,DROP,411,400,3,1
Snooker,DROP,486,500,16,11
Snooker,DROP,486,500,16,11
Snooker,DROP,124,100,24,14
Snooker,DROP,124,100,24,14
Snooker,DROP,392,400,16,3
Snooker,DROP,392,400,16,3
Snooker,CUE,101,100,90,89
Snooker,CUE,101,100,90,91
Snooker,CUE,101,100,90,90
Snooker,CUE,101,100,90,89
Snooker,CUE,102,100,90,90
Snooker,CUE,102,100,91,91
Snooker,CUE,102,100,90,76
Snooker,POOL,103,100,16,16
Snooker,POOL,103,100,16,15
Snooker,POOL,104,100,16,13
Snooker,RDS,101,100,50,50
Snooker,RDS,101,100,25,25
Snooker,RDS,102,100,60,57
Snooker,PCKT,191,200,40,31
Snooker,PCKT,191,200,50,50
Snooker,PCKT,191,200,30,29
Snooker,PCKT,191,200,40,30
Snooker,PCKT,192,200,60,52
Snooker,PCKT,192,200,30,30
Snooker,PCKT,221,200,33,31
Snooker,PCKT,222,200,30,13
Snooker,PCKT,192,200,30,30
Snooker,POT,193,200,16,16
Snooker,POT,193,200,16,16
Snooker,POT,193,200,16,10
Snooker,POT,193,200,16,16
Snooker,POT,193,200,16,16
Snooker,POT,193,200,16,16
Snooker,POT,193,200,16,6
Snooker,POT,193,200,16,16
Snooker,POT,193,200,16,15
Snooker,POT,193,200,16,15
Snooker,POT,194,200,20,20
Snooker,POT,194,200,20,21
Snooker,POT,194,200,20,20
Snooker,POT,194,200,20,21
Snooker,POT,194,200,20,19
Snooker,POT,223,200,16,10
Snooker,POT,223,200,16,15
Snooker,POT,224,200,16,10
Cricket,BAT,650,600,30,1
Quidditch,QDDT,101,100,30,30
Quidditch,QDDT,101,100,30,14
Quidditch,QDDT,105,100,30,18
Quidditch,QDDT,105,100,30,5
Quidditch,QDDT,110,100,24,5
Quidditch,QDDT,110,100,30,30
Quidditch,QDDT,110,100,30,23
Quidditch,QDDT,120,100,30,15
Quidditch,QDDT,121,100,30,28
Quidditch,QDDT,161,100,24,24
Quidditch,QDDT,161,100,24,24
Quidditch,QDDT,161,100,24,24
Quidditch,QDDT,173,100,30,29
Quidditch,QDDT,173,100,30,4
Quidditch,QDDT,233,200,30,16
Quidditch,QDDT,235,200,30,11
Quidditch,QDDT,257,200,30,12
Quidditch,QDDT,257,200,30,22
Quidditch,QDDT,280,200,24,25
Quidditch,QDDT,280,200,45,27
Quidditch,QDDT,280,200,24,24
Quidditch,QDDT,285,200,30,20
Quidditch,QDDT,290,200,24,21
Quidditch,QDDT,294,200,24,23
Quidditch,QDDT,315,300,30,6
Quidditch,QDDT,321,300,12,1
Quidditch,QDDT,329,300,35,30
Quidditch,QDDT,340,300,30,8
Quidditch,QDDT,375,300,24,27
Quidditch,QDDT,375,300,24,26
Quidditch,QDDT,383,300,30,29
Quidditch,QDDT,390,300,30,20
Quidditch,QDDT,390,300,30,23
Quidditch,QDDT,411,400,30,10
Quidditch,QDDT,415,400,47,47
Quidditch,QDDT,431,400,30,19
Quidditch,QDDT,439,400,24,6
Quidditch,QDDT,470,400,24,6
Quidditch,QDDT,473,400,24,6
Quidditch,QDDT,479,400,45,45
Quidditch,QDDT,482,400,30,24
Quidditch,QDDT,494,400,5,1
Quidditch,QDDT,294,200,30,18
Quidditch,QDDT,400,400,10,1
Quidditch,QDDT,691,600,24,2
Cricket,BAT,650,600,30,0
Cricket,BAT,650,600,30,0
Archery,ARCH,486,400,10,8
Archery,ARCH,441,400,25,11
Archery,ARCH,392,300,25,19
Archery,ARCH,380,300,25,18
Archery,ARCH,360,300,27,15
Archery,ARCH,350,300,27,11
Archery,ARCH,312,300,30,19
Archery,ARCH,249,200,25,5
Archery,ARCH,248,200,18,13
Archery,ARCH,247,200,15,15
Archery,ARCH,247,200,15,15
Archery,ARCH,247,200,15,15
Archery,ARCH,247,200,15,15
Archery,ARCH,185,100,35,34
Archery,ARCH,200,200,20,20
Archery,ARCH,200,200,20,10
Archery,ARCH,200,200,20,20
Archery,ARCH,200,200,20,21
Archery,ARCH,200,200,20,15
Archery,ARCH,201,200,22,18
Archery,ARCH,201,200,22,22
Archery,ARCH,223,200,25,24
Archery,ARCH,175,100,18,18
Archery,ARCH,175,100,18,19
Archery,ARCH,175,100,18,14
Archery,ARCH,175,100,18,18
Archery,ARCH,175,100,18,18
Archery,ARCH,163,100,20,13
Archery,ARCH,163,100,20,16
Archery,ARCH,163,100,20,19
Archery,ARCH,163,100,20,20
Archery,ARCH,161,100,30,28
Archery,ARCH,161,100,30,26
Archery,ARCH,161,100,30,30
Archery,ARCH,161,100,30,25
Archery,ARCH,162,100,20,20
Archery,ARCH,162,100,20,18
Archery,ARCH,162,100,20,20
Archery,ARCH,162,100,20,20
Archery,ARCH,162,100,20,20
Archery,ARCH,162,100,20,13
Archery,ARCH,162,100,20,19
Archery,ARCH,162,100,20,20
Archery,ARCH,151,100,33,33
Archery,ARCH,151,100,33,33
Archery,ARCH,151,100,33,33
Archery,ARCH,151,100,33,33
Archery,ARCH,151,100,33,33
Archery,ARCH,151,100,33,33
Archery,ARCH,151,100,33,30
Archery,ARCH,151,100,33,30
Archery,ARCH,151,100,33,33
Archery,ARCH,151,100,33,33
Archery,ARCH,151,100,33,33
Archery,ARCH,151,100,33,33
Archery,ARCH,151,100,33,33
Archery,ARCH,151,100,33,33
Archery,ARCH,241,200,27,27
Archery,ARCH,241,200,27,23
Archery,ARCH,241,200,27,19
Archery,ARCH,241,200,27,27
Archery,ARCH,241,200,27,28
Archery,ARCH,241,200,27,27
Archery,ARCH,241,200,27,27
Archery,ARCH,241,200,27,27
Archery,ARCH,241,200,27,27
Archery,ARCH,241,200,27,27
Archery,ARCH,241,200,27,27
Archery,ARCH,241,200,27,27
Archery,ARCH,241,200,27,27
Archery,ARCH,241,200,27,27
Archery,ARCH,241,200,27,27
Archery,ARCH,241,200,27,27
Archery,ARCH,241,200,27,27
Archery,ARCH,241,200,27,27
Archery,ARCH,241,200,27,27
Archery,ARCH,241,200,27,27
Archery,ARCH,241,200,27,27
Archery,ARCH,241,200,27,28
Archery,ARCH,241,200,27,27
Archery,ARCH,241,200,27,27
Archery,ARCH,105,100,25,20
Archery,ARCH,105,100,25,27
Archery,ARCH,105,100,25,25
Archery,ARCH,105,100,0,12
Archery,ARCH,105,100,0,15
Archery,ARCH,105,100,0,15
Archery,ARCH,105,100,0,17
Archery,ARCH,92,0,0,8
Archery,ARCH,92,0,0,8
Archery,ARCH,92,0,0,10
Archery,ARCH,92,0,0,10
Archery,ARCH,92,0,0,9
Archery,ARCH,92,0,0,9
Archery,ARCH,105,100,0,0
Archery,ARCH,105,100,0,0
Archery,ARCH,92,0,0,0
Archery,ARCH,92,0,0,0
Archery,ARCH,241,200,27,27
Cricket,BAT,650,600,30,1
Cricket,BAT,650,600,30,0
Cricket,BAT,650,600,30,0
Cricket,BAT,650,600,30,0
Cricket,BAT,650,600,30,0
Cricket,BAT,650,600,30,0
Cricket,BAT,650,600,30,0
Cricket,BAT,650,600,30,1
Cricket,BAT,650,600,30,0
Cricket,BAT,650,600,30,0
Cricket,BAT,650,600,30,0
Cricket,BAT,650,600,30,0
Cricket,BAT,650,600,30,0
Cricket,BAT,651,600,30,1
Cricket,BAT,651,600,30,1
Cricket,BAT,653,600,30,4
Cricket,BAT,653,600,30,0
Cricket,BAT,653,600,30,3
Cricket,BAT,653,600,30,0
Cricket,BAT,653,600,30,1
Cricket,BAT,661,600,30,1
Cricket,BAT,663,600,30,0
Cricket,BAT,671,600,30,0
Cricket,BAT,671,600,30,2
Cricket,BAT,673,600,30,1
Cricket,BAT,673,600,30,1
Cricket,BAT,673,600,30,0
Cricket,BAT,673,600,30,0
Cricket,BAT,673,600,30,0
Polo,WTPL,802,800,7,5
Polo,RDG,820,800,6,6
Polo,RDG,840,800,18,16
Polo,RDG,862,800,12,12
Polo,RDG,610,600,15,6
Polo,RDG,610,600,15,6
Polo,RDG,612,600,15,6
Polo,RDG,612,600,15,7
Archery,ARCH,92,0,0,12
Archery,ARCH,92,0,0,15
Archery,ARCH,92,0,0,15
Archery,ARCH,92,0,0,17
Strategy,ARMY,542,500,15,15
Strategy,ARMY,542,500,15,12
Strategy,NAVY,664,600,15,8
Strategy,NAVY,663,600,1,1
Strategy,AIRF,504,500,15,6
Strategy,AIRF,514,500,15,3
Strategy,AIRF,522,500,15,5
Strategy,AIRF,618,600,15,9
Strategy,AIRF,624,600,1,4
Strategy,AIRF,628,600,15,6
Strategy,AIRF,324,300,25,25
Strategy,AIRF,328,300,15,17
Strategy,AIRF,414,400,30,30
Strategy,BTL,242,200,35,35
Strategy,LOGI,302,300,25,26
Strategy,LOGI,302,300,25,25
Strategy,LOGI,302,300,30,30
Strategy,LOGI,304,300,30,35
Strategy,LOGI,304,300,25,25
Strategy,LOGI,320,300,35,35
Strategy,LOGI,321,300,25,26
Strategy,LOGI,321,300,25,25
Strategy,LOGI,322,300,30,30
Strategy,LOGI,371,300,30,17
Strategy,LOGI,371,300,30,30
Strategy,LOGI,371,300,30,19
Strategy,LOGI,412,400,30,32
Strategy,LOGI,430,400,30,21
Strategy,LOGI,441,400,25,26
Strategy,LOGI,445,400,30,17
Strategy,LOGI,475,400,30,30
Strategy,LOGI,487,400,20,9
Strategy,LOGI,497,400,25,17
Strategy,ARMY,100,100,30,9
Strategy,ARMY,100,100,30,9
Strategy,ARMY,100,100,27,27
Strategy,ARMY,252,200,30,27
Strategy,ARMY,346,300,30,19
Strategy,ARMY,442,400,30,0
Strategy,INSR,251,200,30,29
Strategy,INSR,251,200,30,29
Strategy,INSR,251,200,30,32
Strategy,INSR,251,200,30,30
Strategy,INSR,251,200,30,30
Strategy,INSR,251,200,30,32
Strategy,INSR,342,300,30,30
Strategy,INSR,342,300,30,28
Strategy,INSR,342,300,30,28
Strategy,INSR,342,300,30,31
Strategy,INSR,342,300,25,25
Strategy,INSR,345,300,30,32
Strategy,INSR,411,400,30,23
Strategy,INSR,421,400,30,30
Strategy,INSR,424,400,30,28
Strategy,INSR,425,400,12,8
Strategy,WAR,422,400,25,25
Strategy,WAR,425,400,20,11
Strategy,WAR,522,500,15,0
Strategy,WAR,525,500,15,0
Archery,ARCH,105,100,23,23
Archery,ARCH,105,100,23,23
Archery,ARCH,105,100,23,23
Archery,ARCH,105,100,23,24
Archery,ARCH,105,100,23,23
Archery,ARCH,105,100,23,23
Archery,ARCH,105,100,23,23
Archery,ARCH,105,100,23,23
Archery,ARCH,105,100,23,23
Archery,ARCH,105,100,23,23
Archery,ARCH,105,100,23,23
Archery,ARCH,105,100,23,23
Archery,ARCH,105,100,23,23
Archery,ARCH,105,100,23,23
Archery,ARCH,105,100,0,0
Archery,ARCH,105,100,23,23
Archery,ARCH,105,100,30,30
Archery,ARCH,241,200,27,27
Archery,ARCH,309,300,30,7
Archery,ARCH,421,400,20,10
Archery,ARCH,425,400,30,10
Archery,ARCH,447,400,30,4
Archery,ARCH,248,200,18,18
Archery,ARCH,241,200,30,20
Archery,ARCH,257,200,30,6
Dancing,POL,456,400,30,14
Dancing,POL,457,400,30,14
Dancing,POL,649,600,30,8
Boxing,SPAR,428,400,30,33
Boxing,SPAR,455,500,30,33
Strategy,PPWR,200,200,35,35
Strategy,PPWR,210,200,35,37
Strategy,PPWR,215,200,30,20
Strategy,PPWR,220,200,35,45
Strategy,PPWR,275,200,35,37
Strategy,PPWR,275,200,35,37
Strategy,PPWR,315,300,35,36
Strategy,PPWR,355,300,25,23
Strategy,PPWR,355,300,30,15
Strategy,PPWR,375,300,30,31
Strategy,PPWR,375,300,30,23
Strategy,PPWR,442,400,30,30
Strategy,PPWR,480,400,35,35
Strategy,PPWR,497,400,30,29
Climbing,CLMB,102,100,30,29
Climbing,CLMB,102,100,30,30
Climbing,CLMB,102,100,30,30
Strategy,FORT,610,600,20,7
Strategy,FORT,611,600,20,8
Strategy,FORT,612,600,20,6
Strategy,FORT,613,600,20,6
Climbing,CLMB,107,100,30,30
Dancing,MNUT,688,600,30,8
Rugby,SCRM,113,100,24,9
Climbing,CLMB,201,200,30,30
Rugby,SCRM,211,200,24,6
Rugby,SCRM,312,300,24,16
Climbing,CLMB,202,200,30,29
Rugby,SCRM,411,400,24,8
Rugby,TCKL,100,100,24,23
Rugby,TCKL,100,100,24,23
Tactics,TCTK,104,100,20,20
Tactics,TCTK,104,100,22,22
Tactics,TCTK,104,100,22,22
Tactics,TCTK,104,100,22,22
Tactics,TCTK,104,100,0,0
Tactics,TCTK,104,100,22,23
Tactics,TCTK,104,100,22,22
Tactics,TCTK,104,100,0,0
Tactics,TCTK,104,100,0,0
Tactics,TCTK,104,100,0,0
Tactics,TCTK,104,100,0,0
Tactics,TCTK,104,100,0,0
Tactics,TCTK,304,300,21,22
Tactics,TCTK,304,300,21,23
Tactics,TCTK,304,300,21,22
Tactics,TCTK,304,300,20,20
Tactics,TCTK,304,300,21,22
Tactics,TCTK,304,300,21,21
Tactics,TCTK,304,300,21,21
Tactics,TCTK,304,300,0,0
Tactics,TCTK,304,300,20,20
Tactics,TCTK,304,300,20,20
Tactics,TCTK,304,300,0,0
Tactics,DPL,301,300,20,20
Tactics,DPL,301,300,20,20
Tactics,DPL,301,300,20,20
Rugby,TCKL,100,100,24,24
Rugby,TCKL,100,100,24,24
Rugby,TCKL,111,100,24,15
Rugby,TCKL,111,100,24,24
Rugby,TCKL,202,200,24,16
Rugby,TCKL,205,200,24,12
Rugby,TCKL,212,200,24,12
Rugby,TCKL,213,200,20,20
Rugby,TCKL,214,200,20,13
Rugby,TCKL,221,200,24,11
Rugby,TCKL,231,200,24,18
Rugby,TCKL,241,200,24,7
Rugby,TCKL,241,200,24,24
Rugby,TCKL,271,200,24,17
Rugby,TCKL,283,200,24,13
Rugby,TCKL,320,300,20,7
Rugby,TCKL,322,300,14,6
Rugby,TCKL,325,300,20,12
Rugby,TCKL,331,300,18,17
Rugby,TCKL,336,300,24,8
Rugby,TCKL,336,300,24,8
Rugby,TCKL,362,300,20,7
Rugby,TCKL,365,300,20,6
Rugby,TCKL,371,300,24,11
Rugby,TCKL,385,300,24,8
Rugby,TCKL,425,400,24,15
Rugby,TCKL,441,400,24,4
Rugby,TCKL,443,400,24,8
Rugby,TCKL,443,400,24,8
Rugby,TCKL,478,400,24,4
Strategy,WRFR,101,100,40,33
Strategy,WRFR,201,200,30,24
Strategy,WRFR,203,200,40,32
Strategy,WRFR,205,200,35,30
Rugby,TCKL,488,400,24,8
Strategy,WRFR,212,200,30,27
Strategy,WRFR,213,200,35,31
Strategy,WRFR,309,300,32,31
Rugby,TCKL,490,400,24,8
Climbing,CLMB,423,400,40,20
Strategy,WRFR,327,300,30,25
Strategy,WRFR,328,300,30,25
Rugby,TCKL,492,400,35,32
Strategy,WRFR,411,400,40,47
Strategy,WRFR,415,400,30,31
Strategy,WRFR,416,400,40,47
Rugby,TCKL,493,400,23,9
Strategy,WRFR,602,600,20,15
Strategy,WRFR,606,600,20,17
Strategy,WRFR,607,600,20,17
Strategy,WRFR,613,600,20,8
Rugby,TCKL,494,400,23,14
Strategy,WRFR,614,600,20,15
Strategy,WRFR,616,600,20,15
Strategy,WRFR,617,600,20,17
Strategy,WRFR,628,600,20,12
Strategy,WRFR,632,600,20,8
Strategy,WRFR,633,600,20,12
Rugby,RGBY,100,100,28,26
Strategy,WRFR,634,600,20,12
Strategy,WRFR,687,600,20,16
Climbing,CLMB,434,400,40,26
Climbing,CLMB,438,400,40,20
Climbing,CLMB,538,500,2,1
Climbing,CLMB,447,400,40,16
Climbing,CLMB,474,400,40,24
Climbing,CLMB,478,400,40,9
Climbing,CLMB,492,400,40,22
Climbing,CLMB,489,400,40,21
Climbing,CLMB,498,400,40,13
Climbing,CLMB,598,500,2,1
Climbing,CLMB,630,600,10,5
Climbing,CLMB,645,600,10,5
Climbing,CVLR,320,300,40,35
Archery,ARCH,615,600,30,8
Climbing,CMBN,201,200,30,25
Riding,EQUN,101,100,30,30
Riding,EQUN,102,100,27,17
Riding,EQUN,201,200,15,6
Riding,EQUN,202,200,15,4
Climbing,CMBN,403,400,40,22
Climbing,CMBN,422,400,40,16
Riding,MYTH,201,200,30,30
Riding,PUGL,101,100,27,18
Riding,PUGL,102,100,20,16
Riding,PUGL,201,200,15,6
Climbing,CMBN,440,400,40,13
Climbing,CMBN,451,400,40,21
Riding,STIR,101,100,27,22
Riding,STIR,101,100,27,27
Climbing,CMBN,600,600,10,6
Riding,JUMP,101,100,27,15
Riding,JUMP,101,100,27,10
Riding,JUMP,102,100,27,23
Riding,JUMP,101,100,27,25
Riding,JUMP,101,100,27,27
Riding,JUMP,102,100,27,27
Riding,JUMP,201,200,25,18
Dancing,POL,313,300,15,8
Riding,JUMP,202,200,27,26
Riding,JUMP,201,200,25,23
Riding,JUMP,201,200,25,17
Riding,JUMP,202,200,27,27
Climbing,CMBN,436,400,40,12
Riding,JUMP,320,300,20,8
Riding,JODP,101,100,15,14
Riding,JUMP,101,100,27,27
Riding,JUMP,101,100,27,23
Riding,JUMP,101,100,27,27
Riding,JUMP,102,100,27,27
Riding,JUMP,102,100,27,27
Riding,JUMP,101,100,27,27
Riding,CNTR,101,100,30,30
Riding,CNTR,102,100,20,10
Riding,CNTR,201,200,15,6
Riding,STIR,101,100,27,27
Riding,STIR,102,100,27,22
Riding,STIR,201,200,27,14
Riding,STIR,202,200,27,19
Riding,JUMP,102,100,20,10
Riding,JUMP,319,300,20,9
Riding,TROT,401,400,15,8
Riding,TROT,404,400,5,2
Riding,TROT,498,500,5,3
Riding,STIR,303,300,15,7
Boxing,HOOK,395,400,24,24
Boxing,HOOK,397,400,24,24
Riding,JUMP,101,100,27,27
Riding,JUMP,102,100,27,26
Riding,JUMP,102,100,27,27
Riding,JUMP,311,300,20,12
Riding,REIN,314,300,25,25
Riding,JUMP,101,100,27,27
Riding,JUMP,101,100,27,25
Riding,JUMP,101,100,27,27
Riding,JUMP,101,100,20,7
Boxing,COMB,458,500,20,12
Dancing,POL,651,600,30,10
Rugby,RGBY,111,100,24,14
Rugby,RGBY,112,100,24,24
Rugby,RGBY,202,200,24,2
Rugby,RGBY,233,200,20,15
Rugby,RGBY,236,200,20,9
Rugby,RGBY,242,200,24,24
Rugby,RGBY,256,200,18,16
Rugby,RGBY,264,200,24,24
Rugby,RGBY,308,300,20,8
Rugby,RGBY,322,300,24,8
Rugby,RGBY,331,300,24,3
Rugby,RGBY,333,300,24,9
Rugby,RGBY,351,300,20,17
Rugby,RGBY,405,400,30,18
Rugby,RGBY,406,400,24,22
Rugby,RGBY,407,400,35,35
Rugby,RGBY,444,400,24,6
Rugby,HAKA,111,100,24,22
Rugby,HAKA,111,100,24,17
Rugby,HAKA,111,100,24,24
Rugby,HAKA,111,100,24,7
Rugby,HAKA,111,100,24,7
Rugby,HAKA,112,100,24,6
Rugby,HAKA,121,100,28,21
Rugby,HAKA,141,100,30,13
Rugby,HAKA,231,200,28,18
Rugby,HAKA,242,200,24,15
Rugby,HAKA,251,200,24,13
Rugby,HAKA,261,200,24,14
Rugby,HAKA,311,300,24,8
Rugby,HAKA,341,300,30,17
Rugby,HAKA,381,300,24,9
Rugby,HAKA,382,300,28,14
Rugby,HAKA,391,300,30,8
Rugby,HAKA,421,400,24,18
Rugby,HAKA,424,400,24,14
Rugby,HAKA,451,400,24,20
Rugby,HAKA,452,400,24,16
Rugby,HAKA,492,400,30,6
Boxing,COMB,558,600,4,0
Dancing,POL,664,600,30,7
Dancing,TNGO,603,600,30,14
Cricket,CRKT,372,300,30,5
Cricket,CRKT,111,100,30,12
Cricket,CRKT,111,100,30,12
Cricket,CRKT,104,100,16,9
Cricket,CRKT,212,200,30,19
Cricket,CRKT,330,300,30,9
Cricket,CRKT,311,300,30,6
Cricket,CRKT,354,300,45,12
Cricket,CRKT,662,600,15,12
Cricket,CRKT,151,100,45,26
Rugby,RGBY,111,100,24,21
Cricket,CRKT,151,100,45,35
Cricket,CRKT,151,100,45,25
Cricket,CRKT,151,100,45,16
Cricket,CRKT,437,400,50,16
Cricket,CRKT,423,400,30,15
Cricket,CRKT,120,100,25,13
Cricket,CRKT,123,100,25,8
Cricket,CRKT,435,400,75,23
Cricket,CRKT,382,300,30,8
Cricket,CRKT,112,100,30,9
Cricket,CRKT,112,100,30,9
Cricket,CRKT,357,300,30,13
Cricket,WCKT,100,100,96,87
Cricket,CRKT,251,200,30,9
Cricket,CRKT,109,100,15,9
Cricket,CRKT,152,100,45,18
Cricket,CRKT,425,400,75,32
Cricket,CRKT,145,100,15,4
Cricket,CRKT,129,100,75,35
Cricket,CRKT,449,400,75,27
Cricket,CRKT,454,400,30,3
Cricket,CRKT,434,400,15,7
Cricket,CRKT,131,100,50,23
Cricket,CRKT,361,300,5,1
Cricket,CRKT,665,600,5,1
Strategy,ARMY,442,400,30,6
Strategy,ARMY,542,500,30,0
Strategy,AIRF,622,600,1,1
Strategy,GO,600,600,25,21
Strategy,GO,603,600,25,5
Strategy,GO,604,600,12,10
Strategy,GO,604,600,12,9
Strategy,GO,605,600,10,8
Strategy,GO,607,600,25,13
Strategy,GO,609,600,25,16
Strategy,GO,623,600,25,12
Strategy,GO,625,600,25,14
Strategy,GO,627,600,20,10
Strategy,GO,627,600,15,15
Strategy,GO,680,600,9,12
Strategy,GO,683,600,9,5
Strategy,GO,690,600,12,11
Strategy,GO,693,600,12,10
Strategy,POAP,626,600,15,14
Strategy,POAP,626,600,15,7
Strategy,POAP,683,600,9,4
Strategy,POAP,693,600,12,11
Strategy,SIEG,619,600,25,17
Rugby,RGBY,221,200,30,6
Rugby,RGBY,241,200,30,6
Swimming,SWIM,93,0,0,5
Swimming,SWIM,93,0,0,5
Swimming,SWIM,93,0,0,5
Strategy,WRFR,300,300,1,1
Strategy,WRFR,300,300,1,1
Strategy,WRFR,300,300,1,1
Strategy,WRFR,300,300,1,1
Strategy,WRFR,300,300,1,1
Strategy,WRFR,300,300,1,1
Strategy,WRFR,300,300,1,1
Strategy,WRFR,300,300,1,1
Strategy,WRFR,300,300,1,1
Strategy,WRFR,300,300,1,1
Strategy,WRFR,300,300,1,1
Strategy,WRFR,300,300,1,1
Strategy,WRFR,410,400,1,1
Strategy,WRFR,410,400,1,1
Swimming,SWIM,101,100,0,5
Strategy,WRFR,410,400,1,1
Strategy,WRFR,410,400,1,1
Strategy,WRFR,410,400,1,1
Strategy,WRFR,410,400,1,1
Strategy,WRFR,410,400,1,1
Strategy,WRFR,410,400,1,1
Strategy,WRFR,410,400,1,1
Strategy,WRFR,410,400,1,1
Strategy,WRFR,410,400,1,1
Swimming,SWIM,101,100,15,15
Strategy,WRFR,410,400,1,1
Strategy,WRFR,410,400,1,1
Strategy,WRFR,410,400,1,0
Strategy,WRFR,500,500,1,1
Strategy,WRFR,500,500,1,1
Strategy,WRFR,500,500,1,1
Strategy,WRFR,500,500,1,1
Strategy,WRFR,500,500,1,1
Strategy,WRFR,510,500,1,1
Strategy,WRFR,510,500,1,1
Strategy,WRFR,611,600,1,1
Strategy,WRFR,611,600,1,1
Strategy,WRFR,611,600,1,1
Strategy,WRFR,611,600,1,1
Strategy,WRFR,611,600,1,1
Strategy,WRFR,611,600,1,1
Strategy,WRFR,611,600,1,1
Strategy,WRFR,611,600,1,1
Strategy,WRFR,611,600,1,1
Strategy,WRFR,611,600,1,1
Strategy,WRFR,611,600,1,1
Strategy,WRFR,611,600,1,1
Strategy,WRFR,611,600,1,1
Strategy,WRFR,603,600,1,1
Strategy,WRFR,603,600,1,1
Strategy,WRFR,603,600,1,1
Strategy,WRFR,603,600,1,1
Strategy,WRFR,603,600,1,1
Strategy,WRFR,630,600,1,1
Strategy,WRFR,630,600,1,1
Strategy,WRFR,630,600,1,1
Chess,CHSS,313,300,30,28
Wrestling,BOUT,101,100,35,26
Wrestling,BOUT,101,100,35,35
Wrestling,BOUT,110,100,35,27
Wrestling,BOUT,410,400,35,14
Wrestling,GRRM,101,100,35,28
Wrestling,GRRM,101,100,35,26
Wrestling,GRRM,101,100,35,33
Wrestling,GRRM,101,100,35,35
Wrestling,GRRM,101,100,35,35
Wrestling,GRRM,101,100,23,23
Wrestling,GRRM,201,200,43,43
Wrestling,GRRM,202,200,43,42
Wrestling,GRRM,202,200,35,35
Wrestling,GRRM,204,200,35,32
Wrestling,GRRM,204,200,35,36
Dancing,FXTR,716,700,30,3
Wrestling,GRRM,205,200,35,35
Wrestling,GRRM,205,200,35,35
Wrestling,GRRM,207,200,25,23
Wrestling,GRRM,296,200,35,41
Wrestling,GRRM,304,300,35,20
Wrestling,GRRM,305,300,35,36
Wrestling,GRRM,310,300,35,35
Wrestling,GRRM,333,300,35,28
Wrestling,GRRM,353,300,35,36
Wrestling,GRRM,408,400,35,36
Wrestling,GRRM,412,400,30,30
Wrestling,GRRM,412,400,30,17
Wrestling,GRRM,214,200,35,25
Wrestling,GRRM,440,400,30,36
Wrestling,GRRM,444,400,0,10
Swimming,SWIM,93,0,0,10
Swimming,SWIM,93,0,0,10
Swimming,SWIM,93,0,0,10
Swimming,SWIM,93,0,0,8
Swimming,SWIM,93,0,0,8
Swimming,SWIM,93,0,0,8
Swimming,SWIM,93,0,10,3
Swimming,SWIM,93,0,10,3
Swimming,SWIM,93,0,10,3
Swimming,SWIM,93,0,10,7
Swimming,SWIM,93,0,10,7
Swimming,SWIM,93,0,10,7
Swimming,SWIM,93,0,10,10
Swimming,SWIM,93,0,10,10
Swimming,SWIM,93,0,10,10
Swimming,SWIM,93,0,10,7
Swimming,SWIM,93,0,10,7
Swimming,SWIM,93,0,10,7
Wrestling,THRW,103,100,43,43
Swimming,SWIM,93,0,10,5
Swimming,SWIM,93,0,10,5
Swimming,SWIM,93,0,10,5
Wrestling,THRW,103,100,43,42
Wrestling,THRW,103,100,35,35
Swimming,SWIM,93,0,10,5
Swimming,SWIM,93,0,10,5
Swimming,SWIM,93,0,10,5
Wrestling,THRW,103,100,35,35
Wrestling,THRW,141,100,43,32
Swimming,SWIM,101,100,15,15
Wrestling,THRW,309,300,35,30
Swimming,SWIM,101,100,0,10
Wrestling,THRW,322,300,43,43
Wrestling,THRW,322,300,35,35
Wrestling,THRW,402,400,43,14
Wrestling,WRST,101,100,75,39
Wrestling,WRST,101,100,75,75
Wrestling,WRST,101,100,75,36
Wrestling,WRST,101,100,75,75
Wrestling,WRST,101,100,75,43
Swimming,SWIM,101,100,15,15
Wrestling,WRST,101,100,75,32
Wrestling,WRST,101,100,75,42
Swimming,SWIM,101,100,15,15
Swimming,SWIM,101,100,15,15
Wrestling,WRST,101,100,35,35
Swimming,SWIM,101,100,15,15
Swimming,SWIM,101,100,15,15
Wrestling,WRST,101,100,35,35
Swimming,SWIM,101,100,15,15
Swimming,SWIM,101,100,15,15
Wrestling,WRST,101,100,35,35
Wrestling,WRST,101,100,35,35
Swimming,SWIM,101,100,15,15
Wrestling,WRST,203,200,19,17
Swimming,SWIM,101,100,0,0
Swimming,SWIM,101,100,0,8
Swimming,SWIM,101,100,10,3
Swimming,SWIM,101,100,10,7
Swimming,SWIM,101,100,10,10
Swimming,SWIM,101,100,10,6
Swimming,SWIM,101,100,10,5
Swimming,SWIM,101,100,10,5
Swimming,SWIM,101,100,18,18
Swimming,SWIM,101,100,18,18
Swimming,SWIM,101,100,18,16
Swimming,SWIM,101,100,18,18
Swimming,SWIM,101,100,18,16
Swimming,SWIM,101,100,18,17
Swimming,SWIM,101,100,18,17
Swimming,SWIM,101,100,18,16
Swimming,SWIM,101,100,18,18
Swimming,SWIM,101,100,18,15
Swimming,SWIM,101,100,18,16
Wrestling,WRST,212,200,43,38
Wrestling,WRST,212,200,35,35
Swimming,SWIM,102,100,20,20
Swimming,SWIM,102,100,20,12
Swimming,SWIM,102,100,20,19
Swimming,SWIM,102,100,20,20
Swimming,SWIM,102,100,20,20
Swimming,SWIM,102,100,20,19
Snooker,BNC,271,300,20,17
Swimming,SWIM,102,100,20,15
Swimming,SWIM,102,100,20,12
Swimming,SWIM,102,100,20,20
Swimming,SWIM,102,100,20,14
Swimming,SWIM,102,100,20,20
Swimming,SWIM,102,100,20,18
Swimming,SWIM,102,100,20,20
Swimming,SWIM,102,100,20,20
Swimming,SWIM,102,100,20,19
Swimming,SWIM,102,100,20,20
Swimming,SWIM,102,100,20,20
Swimming,SWIM,102,100,20,20
Swimming,SWIM,102,100,20,20
Swimming,SWIM,102,100,20,20
Swimming,SWIM,102,100,20,20
Swimming,SWIM,102,100,20,20
Swimming,SWIM,102,100,20,6
Swimming,SWIM,102,100,20,19
Swimming,SWIM,102,100,20,19
Swimming,SWIM,102,100,20,17
Swimming,SWIM,102,100,20,15
Swimming,SWIM,102,100,20,20
Swimming,SWIM,102,100,20,18
Swimming,SWIM,102,100,20,20
Swimming,SWIM,102,100,20,16
Swimming,SWIM,102,100,20,10
Swimming,SWIM,102,100,20,16
Swimming,SWIM,102,100,20,20
Wrestling,WRST,300,300,35,35
Wrestling,WRST,305,300,19,18
Wrestling,WRST,305,300,20,18
Wrestling,WRST,310,300,35,13
Wrestling,WRST,310,300,35,36
Wrestling,WRST,331,300,35,35
Wrestling,WRST,360,300,35,34
Wrestling,WRST,411,400,33,25
Wrestling,WRST,411,400,33,26
Swimming,SWIM,102,100,20,19
Swimming,SWIM,102,100,20,18
Swimming,SWIM,102,100,20,19
Swimming,SWIM,102,100,20,20
Swimming,SWIM,102,100,20,20
Swimming,SWIM,102,100,20,16
Swimming,SWIM,102,100,20,20
Swimming,SWIM,102,100,20,20
Swimming,SWIM,102,100,20,17
Swimming,SWIM,102,100,20,14
Swimming,SWIM,102,100,20,20
Swimming,SWIM,102,100,20,20
Swimming,SWIM,102,100,20,20
Swimming,SWIM,102,100,20,20
Swimming,SWIM,102,100,20,19
Swimming,SWIM,102,100,20,20
Swimming,SWIM,102,100,20,20
Swimming,SWIM,102,100,20,20
Swimming,SWIM,102,100,20,11
Swimming,SWIM,102,100,20,18
Swimming,SWIM,102,100,20,6
Swimming,SWIM,102,100,20,6
Swimming,SWIM,102,100,20,13
Swimming,SWIM,102,100,20,20
Swimming,SWIM,102,100,20,14
Swimming,SWIM,102,100,20,16
Wrestling,WRST,412,400,3,3
Wrestling,WRST,412,400,3,2
Wrestling,WRST,430,400,33,16
Swimming,SWIM,102,100,20,20
Swimming,SWIM,102,100,20,20
Swimming,SWIM,102,100,20,20
Swimming,SWIM,102,100,20,20
Swimming,SWIM,102,100,20,20
Swimming,SWIM,102,100,20,20
Wrestling,WRST,440,400,3,2
Swimming,SWIM,102,100,20,17
Swimming,SWIM,102,100,20,13
Swimming,SWIM,102,100,20,20
Swimming,SWIM,210,200,17,15
Swimming,SWIM,210,200,17,17
Swimming,SWIM,210,200,17,10
Wrestling,WRST,465,400,33,25
Wrestling,WRST,511,500,2,0
Wrestling,WRST,511,500,2,0
Wrestling,WRST,512,500,2,1
Wrestling,WRST,512,500,2,0
Wrestling,WRST,530,500,2,0
Wrestling,WRST,540,500,2,0
Wrestling,WRST,565,500,2,0
Snooker,DROP,123,100,24,23
Snooker,DROP,123,100,24,23
Wrestling,WRST,602,600,15,9
Wrestling,WRST,605,600,15,8
Snooker,DROP,263,300,16,16
Snooker,DROP,263,300,16,16
Snooker,DROP,267,300,15,15
Snooker,DROP,267,300,15,15
Snooker,DROP,274,300,16,16
Snooker,DROP,274,300,16,16
Wrestling,WRST,495,400,35,11
Wrestling,WRST,690,600,15,2
Riding,STIR,102,100,20,1
Wrestling,WRST,698,600,15,10
Wrestling,WRST,760,700,15,2
Cricket,CRKT,411,400,30,8
Wrestling,WRST,770,700,15,10
Riding,STIR,102,100,30,23
Rowing,OAR,151,200,20,20
Rowing,OAR,151,200,20,20
Rowing,OAR,151,200,20,20
Rowing,OAR,155,200,20,20
Snooker,PCKT,191,200,30,7
Strategy,NAVY,463,400,15,15
Snooker,PCKT,242,200,25,4
Snooker,PCKT,312,300,20,7
Snooker,PCKT,331,300,20,5
Snooker,PCKT,402,400,20,6
Rowing,OAR,210,200,27,27
Rowing,OAR,210,200,27,27
Rowing,OAR,210,200,27,27
Rowing,OAR,210,200,27,25
Snooker,POT,314,300,16,3
Snooker,POT,425,400,20,6
Rowing,OAR,210,200,27,26
Rowing,OAR,211,200,27,27
Rowing,OAR,211,200,27,27
Rowing,OAR,211,200,20,18
Rowing,OAR,211,200,15,15
Rowing,OAR,211,200,27,26
Rowing,OAR,211,200,27,27
Boxing,HOOK,615,600,20,8
Boxing,HOOK,619,600,20,6
Rowing,OAR,211,200,27,27
Boxing,HOOK,406,400,18,16
Boxing,HOOK,406,400,18,16
Rowing,OAR,211,200,27,27
Rowing,OAR,211,200,27,27
Boxing,HOOK,506,500,6,2
Boxing,HOOK,506,500,6,2
Boxing,HOOK,605,600,20,11
Rowing,OAR,211,200,27,27
Boxing,HOOK,485,500,20,7
Boxing,HOOK,585,600,4,0
Rowing,OAR,211,200,27,27
Rowing,OAR,211,200,27,27
Rowing,OAR,211,200,28,28
Rowing,OAR,211,200,27,27
Rowing,OAR,211,200,27,27
Rowing,OAR,211,200,27,27
Rowing,OAR,211,200,27,28
Rowing,OAR,211,200,28,29
Rowing,OAR,211,200,27,27
Rowing,OAR,211,200,27,28
Rowing,OAR,211,200,27,27
Rowing,OAR,211,200,27,27
Rowing,OAR,211,200,27,27
Rowing,OAR,211,200,27,27
Rowing,OAR,211,200,27,27
Rowing,OAR,211,200,27,27
Boxing,HOOK,405,400,43,43
Rowing,OAR,211,200,27,27
Rowing,OAR,211,200,27,27
Rowing,OAR,211,200,27,27
Rowing,OAR,211,200,20,18
Rowing,OAR,211,200,20,20
Boxing,COMB,426,400,20,9
Rowing,OAR,215,200,27,27
Boxing,COMB,526,500,4,1
Rowing,OAR,215,200,27,27
Boxing,HOOK,434,400,22,20
Rowing,OAR,256,200,28,28
Boxing,HOOK,534,500,2,1
Rowing,OAR,257,200,16,17
Rowing,OAR,257,200,15,16
Rowing,OAR,260,200,20,21
Rowing,OAR,270,200,27,27
Rowing,OAR,272,200,27,26
Rowing,OAR,316,300,27,24
Rowing,OAR,328,300,27,27
Rowing,OAR,357,300,12,8
Boxing,COVR,465,500,21,21
Rowing,OAR,363,300,15,14
Boxing,COVR,565,600,4,0
Rowing,OAR,402,400,15,3
Rowing,OAR,410,400,22,22
Boxing,COVR,499,500,16,15
Boxing,COVR,599,600,4,0
Rowing,OAR,510,500,9,3
Boxing,HOOK,407,400,24,24
Boxing,HOOK,507,500,0,0
Rowing,OAR,411,400,27,25
Rowing,OAR,418,400,27,29
Rowing,OAR,424,400,15,13
Rowing,OAR,425,400,20,19
Rowing,OAR,463,400,20,20
Rowing,OAR,471,400,27,19
Rowing,OAR,477,400,30,32
Rowing,OAR,577,500,20,14
Rowing,OAR,490,400,20,20
Rowing,OAR,590,500,15,10
Rowing,OAR,498,400,15,15
Rowing,OAR,498,400,15,13
Rowing,OAR,620,600,15,15
Rowing,OAR,626,600,20,20
Rowing,OAR,631,600,27,22
Rowing,OAR,648,600,21,21
Rowing,OAR,650,600,20,16
Rowing,OAR,698,600,20,5
Fencing,SWRD,117,100,15,15
Fencing,SWRD,386,300,20,11
Fencing,SWRD,117,100,15,14
Riding,TROT,501,500,15,0
Sailing,SAIL,110,100,24,24
Sailing,SAIL,110,100,24,24
Sailing,NAV,426,400,18,21
Sailing,SAIL,113,100,18,18
Sailing,SAIL,113,100,18,18
Sailing,NAV,406,400,28,28
Sailing,NAV,335,300,24,20
Sailing,NAV,490,400,10,7
Sailing,NAV,366,300,28,28
Sailing,NAV,436,400,25,25
Sailing,NAV,621,600,20,8
Sailing,AFT,131,100,24,17
Sailing,AFT,131,100,24,24
Sailing,AFT,131,100,24,23
Sailing,AFT,162,100,30,30
Sailing,AFT,316,300,25,25
Sailing,AFT,316,300,25,25
Sailing,RUDR,333,300,13,11
Sailing,KEEL,304,300,13,10
Sailing,KEEL,317,300,13,10
Sailing,AFT,133,100,30,30
Sailing,AFT,133,100,30,30
Sailing,NAV,235,200,30,24
Sailing,NAV,301,300,30,21
Sailing,NAV,251,200,25,11
Sailing,NAV,362,300,30,30
Sailing,SAIL,226,200,24,12
Sailing,SAIL,228,200,24,21
Sailing,AFT,133,100,30,29
Punting,STRK,462,400,40,55
Sailing,AFT,312,300,20,22
Sailing,AFT,312,300,20,22
Sailing,AFT,252,200,30,19
Sailing,SAIL,112,100,24,22
Sailing,SAIL,112,100,24,17
Sailing,AFT,200,200,25,23
Sailing,AFT,251,200,30,15
Sailing,AFT,133,100,30,30
Sailing,AFT,335,300,30,30
Sailing,AFT,410,400,12,5
Sailing,AFT,200,200,25,23
Sailing,AFT,360,300,25,24
Sailing,AFT,360,300,25,26
Sailing,AFT,133,100,30,31
Sailing,RUDR,410,400,10,10
Sailing,NAV,120,100,25,25
Sailing,NAV,275,200,22,22
Sailing,NAV,275,200,22,22
Sailing,AFT,315,300,25,25
Sailing,AFT,315,300,25,26
Sailing,NAV,321,300,30,26
Sailing,NAV,321,300,30,21
Sailing,NAV,321,300,30,18
Sailing,NAV,410,400,10,9
Sailing,NAV,436,400,25,14
Sailing,NAV,436,400,25,12
Sailing,NAV,120,100,28,28
Fencing,SWRD,184,100,13,12
Sailing,NAV,120,100,28,26
Sailing,RUDR,340,300,13,10
Sailing,RUDR,425,400,10,10
Sailing,KEEL,344,300,8,5
Sailing,KEEL,344,300,30,5
Sailing,NAV,275,200,22,18
Sailing,AFT,454,400,20,23
Sailing,AFT,606,600,10,1
Sailing,AFT,430,400,30,30
Sailing,RUDR,466,400,10,10
Strategy,BTL,420,400,25,10
Cricket,CRKT,458,400,5,4
Punting,STRK,613,600,15,9
Punting,STRK,102,100,80,80
Strategy,PPWR,200,200,35,36
Punting,STRK,365,300,15,13
Cricket,CRKT,210,200,15,7
Punting,STRK,770,700,4,3
Sailing,NAV,351,300,20,3
Sailing,NAV,492,400,12,14
Sailing,NAV,592,500,12,2
Punting,STRK,335,300,18,21
Cricket,CRKT,521,500,15,13
Cricket,CRKT,421,400,45,11
Cricket,CRKT,523,500,15,2
Cricket,CRKT,525,500,15,4
Punting,STRK,101,100,80,29
Sailing,SAIL,214,200,24,11
Sailing,SAIL,221,200,24,14
Cricket,CRKT,538,500,15,1
Punting,STRK,102,100,80,79
Sailing,NAV,392,300,25,28
Cricket,CRKT,539,500,15,0
Punting,STRK,101,100,80,45
Sailing,NAV,392,300,25,26
Sailing,NAV,424,400,18,18
Cricket,CRKT,453,400,10,5
Cricket,CRKT,553,500,15,15
Sailing,NAV,120,100,28,28
Cricket,CRKT,552,500,15,3
Sailing,NAV,410,400,10,9
Cricket,CRKT,378,300,20,13
Sailing,AFT,440,400,25,25
Sailing,AFT,440,400,25,26
Sailing,AFT,628,600,20,7
Cricket,CRKT,151,100,30,30
Cricket,CRKT,151,100,30,30
Sailing,NAV,333,300,25,24
Sailing,NAV,380,300,25,11
Sailing,NAV,696,600,25,14
Sailing,NAV,232,200,25,14
Sailing,NAV,276,200,20,10
Sailing,NAV,362,300,30,31
Sailing,NAV,392,300,28,12
Sailing,NAV,410,400,10,10
Sailing,NAV,625,600,16,10
Sailing,SAIL,140,100,18,9
Sailing,SAIL,141,100,9,8
Boxing,CRSS,253,300,24,11
Sailing,NAV,426,400,18,10
Sailing,NAV,426,400,18,14
Sailing,SAIL,113,100,18,16
Sailing,SAIL,113,100,18,18
Sailing,NAV,410,400,10,10
Boxing,CRSS,252,300,24,20
Sailing,AFT,331,300,25,25
Sailing,AFT,362,300,25,23
Sailing,AFT,638,600,20,5
Sailing,NAV,424,400,18,18
Fencing,SWRD,122,100,15,15
Cricket,CRKT,405,400,30,13
Fencing,SWRD,122,100,15,15
Cricket,CRKT,505,500,30,1
Fencing,SWRD,322,300,15,14
Sailing,NAV,424,400,18,14
Fencing,SWRD,347,300,45,21
Fencing,SWRD,111,100,18,20
Fencing,SWRD,111,100,18,16
Punting,STRK,204,200,30,31
Fencing,SWRD,111,100,18,18
Punting,STRK,204,200,30,30
Javelin,TRGT,495,400,10,1
Fencing,SWRD,112,100,15,15
Fencing,SWRD,112,100,20,20
Fencing,SWRD,112,100,18,18
Fencing,SWRD,112,100,18,18
Fencing,SWRD,111,100,15,15
Chess,CHSS,609,600,11,10
Fencing,SWRD,371,300,15,15
Javelin,TRGT,410,400,48,17
Fencing,SWRD,371,300,15,15
Punting,STRK,101,100,80,80
Fencing,SWRD,371,300,15,15
Chess,CHSS,617,600,11,9
Sailing,NAV,434,400,22,19
Fencing,SWRD,373,300,5,4
Chess,CHSS,681,600,10,9
Fencing,SWRD,374,300,5,0
Sailing,NAV,434,400,22,22
Punting,STRK,221,200,32,32
Sailing,NAV,410,400,11,10
Chess,CHSS,684,600,10,9
Sailing,NAV,436,400,25,25
Sailing,AFT,200,200,25,26
Sailing,AFT,454,400,20,24
Sailing,AFT,439,400,25,16
Sailing,AFT,410,400,12,7
Fencing,SWRD,105,100,90,80
Punting,STRK,101,100,80,55
Fencing,SWRD,105,100,90,73
Fencing,SWRD,106,100,90,75
Fencing,SWRD,106,100,90,25
Punting,STRK,220,200,22,22
Punting,STRK,220,200,22,20
Fencing,SWRD,348,300,25,18
Sailing,SAIL,144,100,15,8
Fencing,SWRD,105,100,90,54
Fencing,SWRD,105,100,90,48
Fencing,SWRD,106,100,80,42
Sailing,AFT,131,100,24,24
Fencing,SWRD,106,100,80,21
Sailing,AFT,131,100,24,24
Fencing,SWRD,442,400,50,15
Fencing,SWRD,443,400,45,28
Sailing,AFT,131,100,24,24
Fencing,SWRD,105,100,45,46
Sailing,AFT,133,100,0,0
Sailing,AFT,133,100,30,29
Fencing,SWRD,105,100,45,45
Sailing,AFT,133,100,30,12
Sailing,NAV,275,200,22,14
Sailing,SAIL,133,100,30,30
Fencing,SWRD,499,400,40,32
Sailing,SAIL,133,100,30,30
Fencing,SWRD,492,400,20,16
Fencing,SWRD,422,400,15,17
Fencing,SWRD,422,400,17,15
Fencing,SWRD,422,400,17,17
Sailing,SAIL,145,100,5,5
Fencing,SWRD,261,200,20,18
Fencing,SWRD,466,400,20,7
Fencing,SWRD,154,100,20,20
Fencing,SWRD,361,300,20,7
Fencing,SWRD,160,100,20,24
Chess,CHSS,693,600,10,1
Chess,CHSS,657,600,10,1
Fencing,SWRD,161,100,20,16
Punting,STRK,221,200,32,32
Wrestling,BOUT,510,500,2,1
Chess,CHSS,690,600,10,0
Fencing,SWRD,190,100,20,19
Punting,STRK,101,100,80,14
Fencing,SWRD,290,200,15,14
Punting,STRK,101,100,30,30
Punting,STRK,101,100,80,79
Punting,STRK,101,100,80,77
Punting,STRK,101,100,80,78
Fencing,SWRD,393,300,10,8
Fencing,SWRD,493,400,10,9
Punting,STRK,220,200,22,24
Fencing,SWRD,153,100,15,15
Punting,STRK,416,400,30,30
Fencing,SWRD,153,100,15,15
Punting,STRK,204,200,85,49
Fencing,SWRD,153,100,15,10
Punting,STRK,204,200,85,85
Punting,STRK,220,200,22,23
Punting,STRK,101,100,80,80
Punting,STRK,204,200,85,44
Punting,STRK,222,200,13,13
Fencing,SWRD,231,200,18,18
Punting,STRK,222,200,13,13
Punting,STRK,222,200,13,13
Fencing,SWRD,231,200,15,17
Punting,STRK,222,200,13,13
Fencing,SAB,231,200,15,15
Fencing,SWRD,333,300,10,8
Fencing,SWRD,334,300,3,3
Fencing,SWRD,433,400,3,0
Punting,STRK,335,300,18,21
Fencing,SWRD,115,100,20,20
Punting,STRK,101,100,30,30
Fencing,SWRD,115,100,20,20
Punting,STRK,204,200,30,29
Punting,STRK,101,100,80,20
Punting,STRK,101,100,30,30
Punting,STRK,101,100,30,30
Punting,STRK,204,200,85,45
Punting,STRK,285,200,34,34
Fencing,SWRD,215,200,12,10
Fencing,SWRD,315,300,10,7
Fencing,SWRD,154,100,18,18
Fencing,SWRD,151,100,18,17
Fencing,SWRD,154,100,18,13
Fencing,SWRD,151,100,15,18
Fencing,SWRD,151,100,15,15
Fencing,SWRD,184,100,18,19
Fencing,SWRD,284,200,12,8
Fencing,SAB,131,100,46,46
Fencing,SAB,131,100,45,19
Fencing,SAB,131,100,45,32
Fencing,SAB,131,100,45,36
Fencing,SAB,131,100,45,45
Fencing,SAB,131,100,45,37
Fencing,SAB,131,100,45,45
Fencing,SAB,131,100,45,44
Swimming,SWIM,322,300,23,23
Swimming,SWIM,322,300,23,23
Swimming,SWIM,322,300,23,23
Swimming,SWIM,322,300,23,23
Swimming,SWIM,322,300,23,23
Swimming,SWIM,322,300,23,23
Swimming,SWIM,322,300,23,23
Swimming,SWIM,322,300,25,25
Swimming,SWIM,322,300,20,20
Swimming,SWIM,322,300,20,20
Swimming,SWIM,322,300,20,20
Swimming,SWIM,322,300,20,20
Swimming,SWIM,322,300,25,25
Swimming,SWIM,322,300,25,23
Swimming,SWIM,322,300,25,25
Swimming,SWIM,322,300,25,25
Swimming,SWIM,301,300,18,18
Swimming,SWIM,321,300,17,16
Swimming,SWIM,435,400,16,13
Swimming,SWIM,535,500,2,0
Swimming,SWIM,395,300,15,14
Swimming,SWIM,371,300,20,20
Swimming,SWIM,352,300,17,17
Swimming,SWIM,300,300,15,15
Swimming,SWIM,300,300,15,15
Swimming,SWIM,374,300,22,20
Swimming,SWIM,374,300,22,22
Swimming,SWIM,351,300,15,15
Swimming,SWIM,426,400,18,17
Swimming,SWIM,526,500,2,0
Fencing,RAPR,138,100,10,9
Fencing,RAPR,238,200,10,2
Swimming,SWIM,482,400,10,8
Swimming,SWIM,582,500,5,4
Fencing,RAPR,338,300,10,2
Fencing,RAPR,438,400,10,3
Swimming,SWIM,303,300,18,18
Swimming,SWIM,372,300,20,20
Fencing,SAB,337,300,15,15
Swimming,SWIM,492,400,11,9
Swimming,SWIM,592,500,6,4
Swimming,SWIM,292,200,17,12
Swimming,SWIM,312,300,20,20
Swimming,SWIM,414,400,15,15
Swimming,SWIM,524,500,6,4
Swimming,SWIM,448,400,10,8
Swimming,SWIM,548,500,4,2
Swimming,SWIM,101,100,18,15
Swimming,SWIM,101,100,18,15
Swimming,SWIM,102,100,20,20
Swimming,SWIM,230,200,20,20
Swimming,SWIM,230,200,20,20
Swimming,SWIM,230,200,20,20
Swimming,SWIM,231,200,20,20
Swimming,SWIM,231,200,20,20
Swimming,SWIM,231,200,20,20
Swimming,SWIM,232,200,20,20
Swimming,SWIM,232,200,20,20
Swimming,SWIM,232,200,20,20
Swimming,SWIM,232,200,20,20
Swimming,SWIM,232,200,20,20
Swimming,SWIM,232,200,20,20
Chess,OPNG,315,300,8,8
Chess,OPNG,305,300,7,7
Quidditch,QDDT,209,200,30,8
Quidditch,QDDT,273,200,30,0
Sailing,AFT,632,600,2,1
Sailing,NAV,632,600,2,1
Quidditch,QDDT,290,200,24,8
Sailing,AFT,634,600,2,1
Sailing,NAV,634,600,2,3
Sailing,AFT,710,700,2,0
Sailing,NAV,710,700,10,3
Quidditch,QDDT,408,400,30,9
Swimming,SWIM,102,100,20,14
Swimming,SWIM,102,100,20,16
Swimming,SWIM,102,100,20,19
Swimming,SWIM,230,200,20,19
Swimming,SWIM,230,200,20,20
Swimming,SWIM,232,200,20,20
Cricket,WCKT,300,300,9,7
Cricket,WCKT,300,300,1,1
Cricket,WCKT,350,300,9,7
Judo,JUDO,202,200,45,45
Judo,JUDO,328,300,20,17
Cricket,WCKT,460,400,9,8
Cricket,WCKT,460,400,1,1
Cricket,CRKT,145,100,10,5
Cricket,CRKT,145,100,10,2
Cricket,CRKT,145,100,5,2
Cricket,CRKT,145,100,5,0
Cricket,CRKT,145,100,15,8
Cricket,CRKT,127,100,30,26
Strategy,NAVY,663,600,10,5
Sailing,NAV,372,300,30,30
Sailing,NAV,372,300,30,30
Punting,STRK,770,700,2,0
Punting,STRK,470,400,42,32
Punting,STRK,570,500,5,0
Punting,STRK,661,600,15,10
Punting,STRK,636,600,15,10
Quidditch,QDDT,570,500,30,4
Punting,STRK,770,700,2,2
Punting,STRK,770,700,5,6
Punting,STRK,770,700,2,1
Punting,STRK,770,700,2,2
Punting,STRK,770,700,4,3
Punting,STRK,683,600,2,6
Punting,STRK,251,200,42,41
Strategy,WRFR,611,600,1,1
Punting,STRK,422,400,90,42
Punting,STRK,522,500,5,0
Swimming,SWIM,439,400,12,12
Punting,STRK,421,400,40,29
Punting,STRK,521,500,10,5
Swimming,SWIM,539,500,4,3
Swimming,SWIM,396,300,15,14
Swimming,SWIM,491,400,14,14
Swimming,SWIM,591,500,2,1
Punting,STRK,353,300,36,19
Punting,STRK,343,300,43,46
Punting,STRK,458,400,25,10
Swimming,SWIM,322,300,20,21
Punting,STRK,771,700,5,6
Punting,STRK,440,400,70,55
Punting,STRK,324,300,32,31
Punting,STRK,210,200,90,64
Punting,STRK,660,600,15,17
Punting,STRK,350,300,90,89
Punting,STRK,649,600,6,6
Punting,STRK,210,200,30,30
Punting,STRK,422,400,30,31
Punting,STRK,205,200,10,14
Swimming,SWIM,648,600,10,10
Swimming,SWIM,648,600,10,9
Swimming,SWIM,606,600,10,10
Swimming,SWIM,231,200,20,20
Swimming,SWIM,231,200,20,20
Swimming,SWIM,232,200,20,20
Swimming,SWIM,232,200,20,20
Swimming,SWIM,232,200,20,20
Swimming,SWIM,232,200,20,20
Swimming,SWIM,232,200,20,20
Swimming,SWIM,232,200,20,20
Swimming,SWIM,232,200,20,20
Swimming,SWIM,232,200,20,15
Swimming,SWIM,232,200,20,20
Swimming,SWIM,232,200,20,20
Swimming,SWIM,232,200,20,20
Swimming,SWIM,232,200,20,19
Swimming,SWIM,232,200,20,20
Fencing,SAB,234,200,15,15
Fencing,SAB,234,200,15,13
Fencing,SAB,433,400,15,8
Punting,STRK,102,100,30,30
Swimming,SWIM,230,200,20,20
Swimming,SWIM,230,200,20,20
Swimming,SWIM,230,200,20,20
Swimming,SWIM,230,200,20,20
Swimming,SWIM,230,200,20,19
Swimming,SWIM,230,200,20,20
Swimming,SWIM,230,200,20,13
Swimming,SWIM,232,200,20,19
Swimming,SWIM,232,200,20,20
Swimming,SWIM,232,200,20,20
Swimming,SWIM,230,200,20,17
Rugby,RGBY,291,200,30,2
Swimming,SWIM,231,200,20,20
Fencing,SWRD,220,200,15,12
Cricket,WCKT,307,300,9,6
Cricket,WCKT,307,300,1,0
Swimming,SWIM,230,200,20,19
Cricket,CRKT,145,100,30,2
Cricket,CRKT,430,400,30,0
Cricket,CRKT,145,100,10,0
Cricket,CRKT,145,100,5,1
Cricket,CRKT,145,100,5,0
Karate,KCK,430,400,24,11
Swimming,SWIM,102,100,20,20
Swimming,SWIM,102,100,20,20
Swimming,SWIM,488,400,10,5
Swimming,SWIM,588,500,4,1
Dancing,POL,499,400,2,2
Fencing,SWRD,299,200,60,51
Chess,CHSS,802,800,8,2
Chess,CHSS,806,800,8,3
Chess,CHSS,808,800,8,4
Chess,CHSS,821,800,8,4
Chess,CHSS,823,800,8,4
Chess,CHSS,823,800,8,1
Strategy,INSR,433,400,30,10
Cricket,CRKT,642,600,30,2
Cricket,CRKT,643,600,30,1
Cricket,CRKT,120,100,30,2
Rugby,RGGR,111,100,30,5
Dancing,POL,693,600,30,6
Swimming,SWIM,102,100,30,18
Archery,ARCH,161,100,30,10
Cricket,CRKT,151,100,30,2
Rowing,OAR,211,200,30,4
Swimming,SWIM,102,100,30,45
Swimming,SWIM,102,100,30,18
Boxing,HOOK,153,200,30,13
Climbing,CLMB,102,100,30,23
Wrestling,WRST,101,100,30,22
Archery,ARCH,162,100,30,28
Archery,ARCH,162,100,30,20
Archery,ARCH,162,100,30,36
Wrestling,GRRM,201,200,35,36
Punting,STRK,101,100,30,2
Riding,JUMP,102,100,30,1
Archery,ARCH,162,100,20,11
Boxing,COVR,250,300,40,40
Punting,STRK,101,100,30,5
Archery,ARCH,162,100,30,6
Cricket,CRKT,151,100,30,26
Cricket,CRKT,151,100,30,18
Cricket,CRKT,145,100,30,4
Archery,ARCH,241,200,27,27
Archery,ARCH,241,200,27,27
Archery,ARCH,241,200,27,27
Boxing,BXNG,152,200,24,24
Cricket,CRKT,145,100,30,2
Sailing,NAV,606,600,10,12
Rugby,RGBY,256,200,0,0
Swimming,SWIM,595,500,1,1
Punting,STRK,468,400,0,1
Swimming,SWIM,495,400,1,1
Cricket,BAT,422,400,30,1
Swimming,SWIM,770,700,1,1
Archery,ARCH,383,300,0,6
Climbing,CLMB,403,400,3,3
Quidditch,QDDT,495,400,2,2
Rowing,OAR,504,500,1,1
Climbing,CLMB,403,400,5,1
Snooker,POT,225,200,10,3
Climbing,CLMB,101,100,30,1
Sailing,NAV,770,700,20,0
Sailing,AFT,770,700,20,3
Swimming,SWIM,101,100,30,12
Cricket,CRKT,445,400,30,1
Chess,CHSS,304,300,5,4
Archery,ARCH,162,100,30,23
Boxing,HOOK,151,200,30,6
Rugby,TCKL,431,400,30,2
Cricket,CRKT,435,400,30,2
Chess,OPNG,477,400,8,0
Strategy,PPWR,442,400,30,20
Chess,OPNG,382,300,8,0
Chess,OPNG,335,300,10,0
Chess,OPNG,373,300,7,0
Fencing,SWRD,395,300,1,1
Fencing,SAB,403,400,1,1
Swimming,SWIM,312,300,20,11
Fencing,SWRD,456,400,30,1
Cricket,BAT,671,600,30,0
Cricket,CRKT,545,500,30,9
Wrestling,WRST,400,400,0,1
Cricket,CRKT,423,400,30,3
Cricket,CRKT,419,400,30,7
Quidditch,QDDT,573,500,12,9
Quidditch,QDDT,539,500,30,2
Climbing,CMBN,400,400,2,1
Swimming,SWIM,101,100,30,0
Swimming,SWIM,102,100,30,0
Snooker,BNC,101,100,30,0
Archery,ARCH,161,100,30,0
Archery,ARCH,162,100,30,0
Dancing,POL,202,200,30,0
Riding,JUMP,102,100,30,0
Chess,CHSS,691,600,10,0
Fencing,SWRD,449,400,5,4
Climbing,ATLR,313,300,25,5
Climbing,ATLR,314,300,25,4
Snooker,DROP,283,300,16,9
Snooker,DROP,283,300,16,9
Riding,JUMP,102,100,27,23
Punting,STRK,449,400,2,3
Boxing,HOOK,151,200,30,0
Punting,STRK,101,100,30,0
Karate,BLK,542,500,0,1
Karate,BLK,650,600,0,1
Fencing,SWRD,495,400,1,1
Fencing,SWRD,449,400,3,1
Fencing,SWRD,395,300,1,1
Strategy,WRFR,300,300,1,1
Fencing,SAB,131,100,30,0
Cricket,CRKT,151,100,30,0
Archery,ARCH,241,200,30,0
Judo,THRW,430,400,0,1
Archery,ARCH,162,100,30,0
Archery,ARCH,163,100,30,0
Swimming,SWIM,770,700,1,1
Punting,STRK,468,400,0,4
Sailing,SAIL,133,100,30,25
Chess,CHSS,607,600,11,10
Rowing,OAR,211,200,30,13
Karate,BLK,475,400,0,6
Karate,BLK,478,400,0,3
Karate,BLK,678,600,0,1
Sailing,NAV,410,400,10,3
Sailing,NAV,410,400,10,2
Karate,BLK,373,300,30,12
Archery,ARCH,151,100,33,33
Karate,BLK,310,300,30,20
Judo,THRW,420,400,30,5
Judo,THRW,430,400,30,8
Judo,THRW,630,600,30,1
Karate,KCK,210,200,24,34
Climbing,CLMB,201,200,30,1
Wrestling,WRST,690,600,0,0
Fencing,SWRD,106,100,30,21
Swimming,SWIM,102,100,30,21
Rowing,OAR,211,200,30,19
Swimming,SWIM,595,500,1,1
Javelin,TRGT,695,600,30,3
Boxing,HOOK,660,700,30,4
Swimming,SWIM,770,700,1,1
Karate,BLK,205,200,30,0
Cricket,CRKT,445,400,30,1
Dancing,WLTZ,400,400,30,4
Archery,ARCH,370,300,0,3
Judo,JUDO,201,200,35,35
Dancing,POL,220,200,20,14
Climbing,CLMB,101,100,30,11
Cricket,CRKT,418,400,30,1
Cricket,CRKT,656,600,30,1
Judo,THRW,695,600,30,3
Judo,THRW,663,600,30,11
Rowing,OAR,459,400,1,1
Judo,JUDO,613,600,30,11
Judo,THRW,695,600,30,8
Javelin,TRGT,650,600,30,3
Judo,THRW,683,600,30,11
Wrestling,WRST,500,500,1,1
Snooker,DROP,411,400,1,1
Climbing,CVLR,201,200,30,26
Chess,CHSS,607,600,9,0
Chess,CHSS,682,600,7,0
Fencing,SAB,131,100,30,30
Dancing,POL,516,500,30,4
Boxing,HOOK,151,200,30,0
Wrestling,GRRM,207,200,25,10
Swimming,SWIM,101,100,30,0
Archery,ARCH,162,100,30,11
Punting,STRK,205,200,10,10
Archery,ARCH,161,100,30,22
Strategy,WRFR,300,300,1,1
Punting,STRK,450,400,1,1
Cricket,CRKT,510,500,30,1
Cricket,BAT,651,600,30,1
Climbing,CLMB,403,400,2,1
Riding,JUMP,101,100,25,25
Riding,JUMP,102,100,25,25
Strategy,WRFR,611,600,1,1
Swimming,SWIM,101,100,18,14
Climbing,CMBN,470,400,3,2
Fencing,SWRD,495,400,1,1
Snooker,PCKT,100,100,1,1
Climbing,CVLR,418,400,2,1
Cricket,CRKT,445,400,30,1
Archery,ARCH,161,100,30,3
Climbing,CMBN,400,400,2,1
Sailing,NAV,251,200,1,1
Rugby,TCKL,400,400,30,1
Chess,CHSS,300,300,20,1
Chess,CHSS,300,300,20,1
Judo,JUDO,413,400,0,2
Rowing,OAR,403,400,1,0
Climbing,CVLR,418,400,1,1
Fencing,SWRD,395,300,1,1
Climbing,CLMB,602,600,1,1
Boxing,HOOK,690,700,1,1
Cricket,CRKT,405,400,30,0
Cricket,CRKT,505,500,30,0
Cricket,CRKT,381,300,1,1
Rugby,RGBY,256,200,30,1
Punting,STRK,467,400,1,1
Karate,BLK,432,400,0,1
Cricket,CRKT,445,400,30,0
Wrestling,WRST,222,200,35,0
Rugby,RGBY,391,300,30,0
Cricket,CRKT,353,300,30,0
